RecordKind	OutcomeCode	RowId	RequirementSummary	Phase	Authority	AuthorityStatus	ProductionProducers	ProducerCount	ProducerReachableInActivated	ReachabilityEvidence	SharedMechanism	ExistingProof	ProofStrength	ProofBoundary	RestoreEvidence	RestoredGate	AuditDisposition	ExactGap	ActivationBlockingBasis	Notes
OUTCOME_CODE	ACCESS_DENIED	P01 A3_S02_O01_ExactOutcomeShapeStatusAndResidue	ACCESS_DENIED requires 403 existing A1 at A1 P0 with No A3/body; original auth/N semantics.	A1 P0	server/docs/tips/tip_88c1_secure_raw_source_sealed_assembly/tip_88c1_c6b_a3_broker_composition_dispatch_v0_5.md:170	CANDIDATE_ONLY	server/src/TagEkyc.Api/RawExportSourceIngressEndpoints.cs:38	1	YES	server/src/TagEkyc.Api/CaptureRuntimeRouteRegistration.cs:25;server/src/TagEkyc.Application/CaptureRuntime/CaptureRuntimeStartup.cs:63	A1-AUTH	NONE	GREEN_ONLY	SHIPPING_JOINED	NOT_TRACED	NONE	AUTHORITY_DECISION_REQUIRED	Decide whether the existing A1 authentication rejection requires a separate A3 Agent-joined proof before Activated.	NOT_TRACED	Structural reachability assumes a future zero-open seal; current seal blocks Activated.
OUTCOME_CODE	RAW_EXPORT_SOURCE_BINDING_INVALID	NONE	RAW_EXPORT_SOURCE_BINDING_INVALID requires 403 O at A3 P1 with No body/R1; do not disclose other binding.	A3 P1	server/docs/tips/tip_88c1_secure_raw_source_sealed_assembly/tip_88c1_c6b_a3_broker_composition_dispatch_v0_5.md:171;server/docs/tips/tip_88c1_secure_raw_source_sealed_assembly/tip_88c1_c6b_a3_proof_reconciliation_v0_2.md:122	HOMEOWNER_RATIFIED	server/src/TagEkyc.Infrastructure/RawExport/RawIngressBrokerTransactionFacade.cs:66	1	YES	server/src/TagEkyc.Api/CaptureRuntimeRouteRegistration.cs:25;server/src/TagEkyc.Application/CaptureRuntime/CaptureRuntimeStartup.cs:63	BROKER-BINDING	ReachableAdmissionFinalsTraverseKestrelAgentWithoutReadingBody@server/tests/TagEkyc.IntegrationTests/Tip88C1C6BA3BrokerAdmissionClusterTests.cs:41	MUTATION_DISCRIMINATED	SHIPPING_JOINED	NOT_TRACED	NONE	ALREADY_RATIFIED_COMPLETE	No remaining row closure work is asserted; any additional check would be beyond the ratified evidence.	NOT_TRACED	Already ratified; disposition describes only residual optional audit work.
OUTCOME_CODE	NOT_FOUND_OR_NOT_ALLOWED	NONE	NOT_FOUND_OR_NOT_ALLOWED requires 403 O at A3 P1 with No existence disclosure/new custody.	A3 P1	server/docs/tips/tip_88c1_secure_raw_source_sealed_assembly/tip_88c1_c6b_a3_broker_composition_dispatch_v0_5.md:172;server/docs/tips/tip_88c1_secure_raw_source_sealed_assembly/tip_88c1_c6b_a3_proof_reconciliation_v0_2.md:123	HOMEOWNER_RATIFIED	server/src/TagEkyc.Infrastructure/RawExport/RawIngressBrokerTransactionFacade.cs:61	1	YES	server/src/TagEkyc.Api/CaptureRuntimeRouteRegistration.cs:25;server/src/TagEkyc.Application/CaptureRuntime/CaptureRuntimeStartup.cs:63	BROKER-OWNERSHIP	ReachableAdmissionFinalsTraverseKestrelAgentWithoutReadingBody@server/tests/TagEkyc.IntegrationTests/Tip88C1C6BA3BrokerAdmissionClusterTests.cs:41	MUTATION_DISCRIMINATED	SHIPPING_JOINED	NOT_TRACED	NONE	ALREADY_RATIFIED_COMPLETE	No remaining row closure work is asserted; any additional check would be beyond the ratified evidence.	NOT_TRACED	Already ratified; disposition describes only residual optional audit work.
OUTCOME_CODE	RAW_EXPORT_SOURCE_TRANSPORT_PROTOCOL_INVALID	P04 A3_S02_O04_ExactOutcomeShapeStatusAndResidue	Under the CORRECTED contract authenticated Content-Encoding or Trailer requires exact HTTP 400 O04 with zero B/R1 and zero application body read; malformed framing remains generic pre-auth/Kestrel rejection and early-body ordering belongs to site qualification.	A3 authenticated application header boundary	server/docs/tips/tip_88c1_secure_raw_source_sealed_assembly/a3_p04_corrected_contract_v1.md:11;server/docs/tips/tip_88c1_secure_raw_source_sealed_assembly/tip_88c1_c6b_a3_proof_reconciliation_v0_2.md:124	HOMEOWNER_RATIFIED	server/src/TagEkyc.Api/RawExportSourceIngressEndpoints.cs:61	1	YES	server/src/TagEkyc.Api/CaptureRuntimeRouteRegistration.cs:8;server/src/TagEkyc.Application/CaptureRuntime/CaptureRuntimeStartup.cs:97	TRANSPORT-HEADER-GUARD	P04_AuthenticatedContentEncodingReturnsExactO04WithoutR1OrBodyRead@server/tests/TagEkyc.IntegrationTests/Tip88C1C6BA1RawIngressBoundaryTests.cs:72;P04_AuthenticatedTrailerReturnsExactO04WithoutR1OrBodyRead@server/tests/TagEkyc.IntegrationTests/Tip88C1C6BA1RawIngressBoundaryTests.cs:78;P04_TransferEncodingIsGenericPreAuthenticationRejectionWithoutCommittedNonce@server/tests/TagEkyc.IntegrationTests/Tip88C1C6BA1RawIngressBoundaryTests.cs:84	MUTATION_DISCRIMINATED	SHIPPING_JOINED	BYTE_EXACT_RESTORED	server/tests/TagEkyc.IntegrationTests/TestResults/a3-p04/a3-p04-contract-a5.trx	ALREADY_RATIFIED_COMPLETE	No remaining P04 row-closure work exists under the CORRECTED contract. This ratification does not implement the original existing-R1/early-body clause and does not close any Expect row.	server/src/TagEkyc.Application/CaptureRuntime/CaptureRuntimeStartup.cs:97	Homeowner ratified P04 explicitly under the corrected contract; the successor seal remains nonzero and Activated stays blocked.
OUTCOME_CODE	RAW_EXPORT_SOURCE_CAPABILITY_UNAVAILABLE	P05 A3_S02_O05_ExactOutcomeShapeStatusAndResidue	RAW_EXPORT_SOURCE_CAPABILITY_UNAVAILABLE requires 503 O at A3 P1–P3 with No body/R1; preserve existing Evaluating shell/token; original budget only.	A3 P1–P3	server/docs/tips/tip_88c1_secure_raw_source_sealed_assembly/tip_88c1_c6b_a3_broker_composition_dispatch_v0_5.md:174;server/docs/tips/tip_88c1_secure_raw_source_sealed_assembly/a3_macro_wave_w2_homeowner_scope_decision_v1.md:10	HOMEOWNER_RATIFIED	server/src/TagEkyc.Application/RawExport/CaptureRuntimeRawIngressAdmissionService.cs:25	1	YES	server/src/TagEkyc.Api/CaptureRuntimeRouteRegistration.cs:25;server/src/TagEkyc.Application/CaptureRuntime/CaptureRuntimeStartup.cs:63	ADMISSION-CAPABILITY	P05_ExistingEvaluatingShellSurvivesCapabilityLossAndSameLeaseRetry@server/tests/TagEkyc.IntegrationTests/Tip88C1C6BA3BrokerAdmissionClusterTests.cs:153;P05_ExistingEvaluatingShellStrictTlsKeepsOriginalLease@server/tests/TagEkyc.IntegrationTests/Tip88C1C6BA3BrokerAdmissionClusterTests.cs:157	MUTATION_DISCRIMINATED	SHIPPING_JOINED	BYTE_EXACT_RESTORED	server/tests/TagEkyc.IntegrationTests/TestResults/a3-p04-p05/a3-p04-p05-closure-restored-joined.trx	ALREADY_RATIFIED_COMPLETE	No remaining P05 row-closure work; P04 and four Expect rows remain separate.	NOT_TRACED	Homeowner ratified P05 by explicit 'Tôi Ratify' after independent technical reviews; current activation seal remains nonzero.
OUTCOME_CODE	RAW_EXPORT_SOURCE_ARTIFACT_SIZE_LIMIT_EXCEEDED	P06 A3_S02_O06_ExactOutcomeShapeStatusAndResidue	RAW_EXPORT_SOURCE_ARTIFACT_SIZE_LIMIT_EXCEEDED requires 413 O at A3 P1/P5 with Declared excess: no body; actual excess: stop first excess, terminal exact attempt/cleanup.	A3 P1/P5	server/docs/tips/tip_88c1_secure_raw_source_sealed_assembly/tip_88c1_c6b_a3_broker_composition_dispatch_v0_5.md:175	CANDIDATE_ONLY	server/src/TagEkyc.Infrastructure/RawExport/RawExportR2FramedCiphertextStream.cs:193	1	YES	server/src/TagEkyc.Api/CaptureRuntimeRouteRegistration.cs:25;server/src/TagEkyc.Application/CaptureRuntime/CaptureRuntimeStartup.cs:63	ADMISSION-SIZE	NONE	NONE	NONE	NOT_TRACED	NONE	AUTHORITY_DECISION_REQUIRED	Decide whether declared per-class excess must be rejected before body ownership; the current live owner only establishes the stream excess path.	NOT_TRACED	Structural reachability assumes a future zero-open seal; current seal blocks Activated.
OUTCOME_CODE	RAW_EXPORT_SOURCE_PLAINTEXT_RETENTION_INVALID	P07 A3_S02_O07_ExactOutcomeShapeStatusAndResidue	RAW_EXPORT_SOURCE_PLAINTEXT_RETENTION_INVALID requires 422 O at A3 P1/P3 with No body/R1; preserve anti-reuse identity; no same-buffer retry.	A3 P1/P3	server/docs/tips/tip_88c1_secure_raw_source_sealed_assembly/tip_88c1_c6b_a3_broker_composition_dispatch_v0_5.md:176	CANDIDATE_ONLY	server/src/TagEkyc.Infrastructure/Persistence/Migrations/20260913120000_Tip88C1C6BA3RetainedIngressComposition.cs:1823	1	YES	server/src/TagEkyc.Api/CaptureRuntimeRouteRegistration.cs:25;server/src/TagEkyc.Application/CaptureRuntime/CaptureRuntimeStartup.cs:63	ADMISSION-EFFECTIVE-EXPIRY	C1B2CORE_server_cap_requires_strictly_more_than_deadline_plus_safety@server/tests/TagEkyc.IntegrationTests/Tip88C1B2CoreTests.cs:384	GREEN_ONLY	PRODUCTION_COMPONENT	NOT_TRACED	NONE	AUTHORITY_DECISION_REQUIRED	Decide whether five-way SourceRetention expiry discrimination is an Activated blocker; each minimum member is not separately pinned.	NOT_TRACED	Structural reachability assumes a future zero-open seal; current seal blocks Activated.
OUTCOME_CODE	RAW_EXPORT_SOURCE_CAPACITY_UNAVAILABLE	NONE	RAW_EXPORT_SOURCE_CAPACITY_UNAVAILABLE requires 503 O at A3 P2 with No alias/R1/body; release partial capacity; bounded same-buffer retry.	A3 P2	server/docs/tips/tip_88c1_secure_raw_source_sealed_assembly/tip_88c1_c6b_a3_broker_composition_dispatch_v0_5.md:177;server/docs/tips/tip_88c1_secure_raw_source_sealed_assembly/tip_88c1_c6b_a3_proof_reconciliation_v0_2.md:128	HOMEOWNER_RATIFIED	server/src/TagEkyc.Application/RawExport/CaptureRuntimeRawIngressAdmissionService.cs:30	1	YES	server/src/TagEkyc.Api/CaptureRuntimeRouteRegistration.cs:25;server/src/TagEkyc.Application/CaptureRuntime/CaptureRuntimeStartup.cs:63	ADMISSION-CAPACITY	CapacityDenialTraversesKestrelAgentReleasesSlotAndCreatesNoCustody@server/tests/TagEkyc.IntegrationTests/Tip88C1C6BA3BrokerAdmissionClusterTests.cs:269	MUTATION_DISCRIMINATED	SHIPPING_JOINED	NOT_TRACED	NONE	ALREADY_RATIFIED_COMPLETE	No remaining row closure work is asserted; any additional check would be beyond the ratified evidence.	NOT_TRACED	Already ratified; disposition describes only residual optional audit work.
OUTCOME_CODE	RAW_EXPORT_SOURCE_IDEMPOTENCY_BUSY	NONE	RAW_EXPORT_SOURCE_IDEMPOTENCY_BUSY requires 409 O at A3 P3 with No new source/attempt/read; preserve exact current residue; bounded backoff.	A3 P3	server/docs/tips/tip_88c1_secure_raw_source_sealed_assembly/tip_88c1_c6b_a3_broker_composition_dispatch_v0_5.md:178;server/docs/tips/tip_88c1_secure_raw_source_sealed_assembly/tip_88c1_c6b_a3_proof_reconciliation_v0_2.md:129	HOMEOWNER_RATIFIED	server/src/TagEkyc.Infrastructure/Persistence/Migrations/20260913120000_Tip88C1C6BA3RetainedIngressComposition.cs:1094	1	YES	server/src/TagEkyc.Api/CaptureRuntimeRouteRegistration.cs:25;server/src/TagEkyc.Application/CaptureRuntime/CaptureRuntimeStartup.cs:63	BROKER-CLAIM-LOCK	BrokerClaimFinalsTraverseSharedKestrelAgentWithoutReadingBody@server/tests/TagEkyc.IntegrationTests/Tip88C1C6BA3BrokerClaimClusterTests.cs:42	MUTATION_DISCRIMINATED	SHIPPING_JOINED	NOT_TRACED	NONE	ALREADY_RATIFIED_COMPLETE	No remaining row closure work is asserted; any additional check would be beyond the ratified evidence.	NOT_TRACED	Already ratified; disposition describes only residual optional audit work.
OUTCOME_CODE	RAW_EXPORT_SOURCE_CLAIM_EVALUATION_IN_PROGRESS	NONE	RAW_EXPORT_SOURCE_CLAIM_EVALUATION_IN_PROGRESS requires 409 E at A3 P3 with Exact persisted retry time; no new token/attempt/read.	A3 P3	server/docs/tips/tip_88c1_secure_raw_source_sealed_assembly/tip_88c1_c6b_a3_broker_composition_dispatch_v0_5.md:179;server/docs/tips/tip_88c1_secure_raw_source_sealed_assembly/tip_88c1_c6b_a3_proof_reconciliation_v0_2.md:130	HOMEOWNER_RATIFIED	server/src/TagEkyc.Infrastructure/Persistence/Migrations/20260913120000_Tip88C1C6BA3RetainedIngressComposition.cs:1149	1	YES	server/src/TagEkyc.Api/CaptureRuntimeRouteRegistration.cs:25;server/src/TagEkyc.Application/CaptureRuntime/CaptureRuntimeStartup.cs:63	BROKER-CLAIM-TOKEN	BrokerClaimFinalsTraverseSharedKestrelAgentWithoutReadingBody@server/tests/TagEkyc.IntegrationTests/Tip88C1C6BA3BrokerClaimClusterTests.cs:42	MUTATION_DISCRIMINATED	SHIPPING_JOINED	NOT_TRACED	NONE	ALREADY_RATIFIED_COMPLETE	No remaining row closure work is asserted; any additional check would be beyond the ratified evidence.	NOT_TRACED	Already ratified; disposition describes only residual optional audit work.
OUTCOME_CODE	RAW_EXPORT_SOURCE_CLAIM_TOKEN_INVALID	P11 A3_S02_O11_ExactOutcomeShapeStatusAndResidue	RAW_EXPORT_SOURCE_CLAIM_TOKEN_INVALID requires 403 O at A3 broker P3 with Token never egresses; no body/target disclosure; restart internal begin.	A3 broker P3	server/docs/tips/tip_88c1_secure_raw_source_sealed_assembly/tip_88c1_c6b_a3_broker_composition_dispatch_v0_5.md:180	CANDIDATE_ONLY	server/src/TagEkyc.Infrastructure/Persistence/Migrations/20260913120000_Tip88C1C6BA3RetainedIngressComposition.cs:1143	1	YES	server/src/TagEkyc.Api/CaptureRuntimeRouteRegistration.cs:25;server/src/TagEkyc.Application/CaptureRuntime/CaptureRuntimeStartup.cs:63	BROKER-CLAIM-TOKEN	NONE	NONE	NONE	NOT_TRACED	NONE	AUTHORITY_DECISION_REQUIRED	Decide whether the next public retry must re-enter internal begin after token-invalid; the joined retry is absent.	NOT_TRACED	Structural reachability assumes a future zero-open seal; current seal blocks Activated.
OUTCOME_CODE	RAW_EXPORT_SOURCE_CLAIM_RESTART_REQUIRED	NONE	RAW_EXPORT_SOURCE_CLAIM_RESTART_REQUIRED requires 409 O at A3 broker P3 with Preserve identity; next public retry restarts internal begin, not public upload-init.	A3 broker P3	server/docs/tips/tip_88c1_secure_raw_source_sealed_assembly/tip_88c1_c6b_a3_broker_composition_dispatch_v0_5.md:181;server/docs/tips/tip_88c1_secure_raw_source_sealed_assembly/tip_88c1_c6b_a3_proof_reconciliation_v0_2.md:132	HOMEOWNER_RATIFIED	server/src/TagEkyc.Infrastructure/Persistence/Migrations/20260913120000_Tip88C1C6BA3RetainedIngressComposition.cs:1248	1	YES	server/src/TagEkyc.Api/CaptureRuntimeRouteRegistration.cs:25;server/src/TagEkyc.Application/CaptureRuntime/CaptureRuntimeStartup.cs:63	BROKER-CLAIM-STATE	BrokerClaimFinalsTraverseSharedKestrelAgentWithoutReadingBody@server/tests/TagEkyc.IntegrationTests/Tip88C1C6BA3BrokerClaimClusterTests.cs:42	MUTATION_DISCRIMINATED	SHIPPING_JOINED	NOT_TRACED	NONE	ALREADY_RATIFIED_COMPLETE	No remaining row closure work is asserted; any additional check would be beyond the ratified evidence.	NOT_TRACED	Already ratified; disposition describes only residual optional audit work.
OUTCOME_CODE	SOURCE_RETENTION_NOT_AUTHORIZED	NONE	SOURCE_RETENTION_NOT_AUTHORIZED requires 403 O at A3 P3 with Fresh rejection: no R1/key/object/read; no export-permit fallback.	A3 P3	server/docs/tips/tip_88c1_secure_raw_source_sealed_assembly/tip_88c1_c6b_a3_broker_composition_dispatch_v0_5.md:182;server/docs/tips/tip_88c1_secure_raw_source_sealed_assembly/tip_88c1_c6b_a3_proof_reconciliation_v0_2.md:133	HOMEOWNER_RATIFIED	server/src/TagEkyc.Infrastructure/Persistence/Migrations/20260913120000_Tip88C1C6BA3RetainedIngressComposition.cs:849	1	YES	server/src/TagEkyc.Api/CaptureRuntimeRouteRegistration.cs:25;server/src/TagEkyc.Application/CaptureRuntime/CaptureRuntimeStartup.cs:63	RETENTION-CURRENT-AUTHORITY	BrokerClaimFinalsTraverseSharedKestrelAgentWithoutReadingBody@server/tests/TagEkyc.IntegrationTests/Tip88C1C6BA3BrokerClaimClusterTests.cs:42	MUTATION_DISCRIMINATED	SHIPPING_JOINED	NOT_TRACED	NONE	ALREADY_RATIFIED_COMPLETE	No remaining row closure work is asserted; any additional check would be beyond the ratified evidence.	NOT_TRACED	Already ratified; disposition describes only residual optional audit work.
OUTCOME_CODE	RAW_EXPORT_SOURCE_HISTORIC_COMMITMENT_KEY_UNAVAILABLE	NONE	RAW_EXPORT_SOURCE_HISTORIC_COMMITMENT_KEY_UNAVAILABLE requires 503 O at A3 P3 with No second source/read; recover exact historic key, never latest fallback.	A3 P3	server/docs/tips/tip_88c1_secure_raw_source_sealed_assembly/tip_88c1_c6b_a3_broker_composition_dispatch_v0_5.md:183;server/docs/tips/tip_88c1_secure_raw_source_sealed_assembly/tip_88c1_c6b_a3_proof_reconciliation_v0_2.md:134	HOMEOWNER_RATIFIED	server/src/TagEkyc.Infrastructure/Persistence/Migrations/20260913120000_Tip88C1C6BA3RetainedIngressComposition.cs:1691	1	YES	server/src/TagEkyc.Api/CaptureRuntimeRouteRegistration.cs:25;server/src/TagEkyc.Application/CaptureRuntime/CaptureRuntimeStartup.cs:63	BROKER-HISTORIC-SELECTOR	BrokerClaimFinalsTraverseSharedKestrelAgentWithoutReadingBody@server/tests/TagEkyc.IntegrationTests/Tip88C1C6BA3BrokerClaimClusterTests.cs:42	MUTATION_DISCRIMINATED	SHIPPING_JOINED	NOT_TRACED	NONE	ALREADY_RATIFIED_COMPLETE	No remaining row closure work is asserted; any additional check would be beyond the ratified evidence.	NOT_TRACED	Already ratified; disposition describes only residual optional audit work.
OUTCOME_CODE	RAW_EXPORT_SOURCE_FINGERPRINT_CONFLICT	NONE	RAW_EXPORT_SOURCE_FINGERPRINT_CONFLICT requires 409 O at A3 P3 with Preserve bound alias/ConflictTombstone; no source disclosure/second source.	A3 P3	server/docs/tips/tip_88c1_secure_raw_source_sealed_assembly/tip_88c1_c6b_a3_broker_composition_dispatch_v0_5.md:184;server/docs/tips/tip_88c1_secure_raw_source_sealed_assembly/tip_88c1_c6b_a3_proof_reconciliation_v0_2.md:135	HOMEOWNER_RATIFIED	server/src/TagEkyc.Infrastructure/Persistence/Migrations/20260913120000_Tip88C1C6BA3RetainedIngressComposition.cs:1136	1	YES	server/src/TagEkyc.Api/CaptureRuntimeRouteRegistration.cs:25;server/src/TagEkyc.Application/CaptureRuntime/CaptureRuntimeStartup.cs:63	BROKER-CLAIM-TOMBSTONE	BrokerClaimFinalsTraverseSharedKestrelAgentWithoutReadingBody@server/tests/TagEkyc.IntegrationTests/Tip88C1C6BA3BrokerClaimClusterTests.cs:42	MUTATION_DISCRIMINATED	SHIPPING_JOINED	NOT_TRACED	NONE	ALREADY_RATIFIED_COMPLETE	No remaining row closure work is asserted; any additional check would be beyond the ratified evidence.	NOT_TRACED	Already ratified; disposition describes only residual optional audit work.
OUTCOME_CODE	RAW_EXPORT_SOURCE_RESERVATION_BUSY	P16 A3_S02_O16_ExactOutcomeShapeStatusAndResidue	RAW_EXPORT_SOURCE_RESERVATION_BUSY requires 409 O at A3 P3 with Current owner unchanged; no second attempt/read; retry after exact lease/CAS conditions.	A3 P3	server/docs/tips/tip_88c1_secure_raw_source_sealed_assembly/tip_88c1_c6b_a3_broker_composition_dispatch_v0_5.md:185	CANDIDATE_ONLY	server/src/TagEkyc.Infrastructure/Persistence/Migrations/20260913120000_Tip88C1C6BA3RetainedIngressComposition.cs:4515	1	YES	server/src/TagEkyc.Api/CaptureRuntimeRouteRegistration.cs:25;server/src/TagEkyc.Application/CaptureRuntime/CaptureRuntimeStartup.cs:63	BROKER-RESERVATION-STATE	NONE	NONE	NONE	NOT_TRACED	NONE	AUTHORITY_DECISION_REQUIRED	Decide whether independent lease owner revision and fence discrimination is required before Activated.	NOT_TRACED	Structural reachability assumes a future zero-open seal; current seal blocks Activated.
OUTCOME_CODE	RAW_EXPORT_SOURCE_ALREADY_AVAILABLE	NONE	RAW_EXPORT_SOURCE_ALREADY_AVAILABLE requires 200 S at A3 P3 with Durable original descriptor; no new body/key/object; release capacity.	A3 P3	server/docs/tips/tip_88c1_secure_raw_source_sealed_assembly/tip_88c1_c6b_a3_broker_composition_dispatch_v0_5.md:186;server/docs/tips/tip_88c1_secure_raw_source_sealed_assembly/tip_88c1_c6b_a3_proof_reconciliation_v0_2.md:137	HOMEOWNER_RATIFIED	server/src/TagEkyc.Infrastructure/Persistence/Migrations/20260913120000_Tip88C1C6BA3RetainedIngressComposition.cs:4471	1	YES	server/src/TagEkyc.Api/CaptureRuntimeRouteRegistration.cs:25;server/src/TagEkyc.Application/CaptureRuntime/CaptureRuntimeStartup.cs:63	PUBLICATION-REPLAY	R2R6HttpsPublicationReplayAndMismatchScenarios@server/tests/TagEkyc.IntegrationTests/Tip88C1C6BA3R2R6ClusterHttpTests.cs:49	MUTATION_DISCRIMINATED	SHIPPING_JOINED	NOT_TRACED	NONE	ALREADY_RATIFIED_COMPLETE	No remaining row closure work is asserted; any additional check would be beyond the ratified evidence.	NOT_TRACED	Already ratified; disposition describes only residual optional audit work.
OUTCOME_CODE	RAW_EXPORT_SOURCE_TEMPORARILY_UNAVAILABLE	NONE	RAW_EXPORT_SOURCE_TEMPORARILY_UNAVAILABLE requires 503 O at A3 P4/P5 with Cleanup incomplete read/transport; not replay-stable terminal; next retry re-evaluates.	A3 P4/P5	server/docs/tips/tip_88c1_secure_raw_source_sealed_assembly/tip_88c1_c6b_a3_broker_composition_dispatch_v0_5.md:187;server/docs/tips/tip_88c1_secure_raw_source_sealed_assembly/tip_88c1_c6b_a3_proof_reconciliation_v0_2.md:138	HOMEOWNER_RATIFIED	server/src/TagEkyc.Infrastructure/RawExport/CaptureRuntimeSourcePipeline.cs:1421	1	YES	server/src/TagEkyc.Api/CaptureRuntimeRouteRegistration.cs:25;server/src/TagEkyc.Application/CaptureRuntime/CaptureRuntimeStartup.cs:63	R2-TRANSIENT-PROJECTION	R2R6HttpsPublicationReplayAndMismatchScenarios@server/tests/TagEkyc.IntegrationTests/Tip88C1C6BA3R2R6ClusterHttpTests.cs:49	MUTATION_DISCRIMINATED	SHIPPING_JOINED	NOT_TRACED	NONE	ALREADY_RATIFIED_COMPLETE	No remaining row closure work is asserted; any additional check would be beyond the ratified evidence.	NOT_TRACED	Already ratified; disposition describes only residual optional audit work.
OUTCOME_CODE	CONTENT_COMMITMENT_MISMATCH	NONE	CONTENT_COMMITMENT_MISMATCH requires 422 O at A3 P6 with Clean complete body mismatch; exact terminal attempt/cleanup; no Available.	A3 P6	server/docs/tips/tip_88c1_secure_raw_source_sealed_assembly/tip_88c1_c6b_a3_broker_composition_dispatch_v0_5.md:188;server/docs/tips/tip_88c1_secure_raw_source_sealed_assembly/tip_88c1_c6b_a3_proof_reconciliation_v0_2.md:139	HOMEOWNER_RATIFIED	server/src/TagEkyc.Infrastructure/RawExport/RawExportR2FramedCiphertextStream.cs:356	1	YES	server/src/TagEkyc.Api/CaptureRuntimeRouteRegistration.cs:25;server/src/TagEkyc.Application/CaptureRuntime/CaptureRuntimeStartup.cs:63	R2-COMMITMENT-MISMATCH	R2R6HttpsPublicationReplayAndMismatchScenarios@server/tests/TagEkyc.IntegrationTests/Tip88C1C6BA3R2R6ClusterHttpTests.cs:49	MUTATION_DISCRIMINATED	SHIPPING_JOINED	NOT_TRACED	NONE	ALREADY_RATIFIED_COMPLETE	No remaining row closure work is asserted; any additional check would be beyond the ratified evidence.	NOT_TRACED	Already ratified; disposition describes only residual optional audit work.
OUTCOME_CODE	RECAPTURE_REQUIRED	NONE	RECAPTURE_REQUIRED requires 409 O server only at A3 P4–P6 or client-local with Server exact-attempt terminal; local lost/expired buffer makes no call/DB mutation.	A3 P4–P6 or client-local	server/docs/tips/tip_88c1_secure_raw_source_sealed_assembly/tip_88c1_c6b_a3_broker_composition_dispatch_v0_5.md:189;server/docs/tips/tip_88c1_secure_raw_source_sealed_assembly/tip_88c1_c6b_a3_proof_reconciliation_v0_2.md:140	HOMEOWNER_RATIFIED	server/src/TagEkyc.Infrastructure/RawExport/CaptureRuntimeSourcePipeline.cs:1475;agent/src/TagEkyc.CaptureAgent.Core/RawExportRetainedSubmissionOwner.cs:64	2	YES	server/src/TagEkyc.Api/CaptureRuntimeRouteRegistration.cs:25;server/src/TagEkyc.Application/CaptureRuntime/CaptureRuntimeStartup.cs:63	R2-RECAPTURE	R2R6HttpsPublicationReplayAndMismatchScenarios@server/tests/TagEkyc.IntegrationTests/Tip88C1C6BA3R2R6ClusterHttpTests.cs:49	MUTATION_DISCRIMINATED	SHIPPING_JOINED	NOT_TRACED	NONE	ALREADY_RATIFIED_COMPLETE	No remaining row closure work is asserted; any additional check would be beyond the ratified evidence.	NOT_TRACED	Already ratified; disposition describes only residual optional audit work.
OUTCOME_CODE	RAW_EXPORT_SOURCE_RESUME_PENDING	NONE	RAW_EXPORT_SOURCE_RESUME_PENDING requires 202 O at A3 P6 with Preserve complete ciphertext; no body resend/R2 restart; deterministic continuation.	A3 P6	server/docs/tips/tip_88c1_secure_raw_source_sealed_assembly/tip_88c1_c6b_a3_broker_composition_dispatch_v0_5.md:190;server/docs/tips/tip_88c1_secure_raw_source_sealed_assembly/tip_88c1_c6b_a3_proof_reconciliation_v0_2.md:141	HOMEOWNER_RATIFIED	server/src/TagEkyc.Infrastructure/RawExport/CaptureRuntimeSourcePipeline.cs:1440	1	YES	server/src/TagEkyc.Api/CaptureRuntimeRouteRegistration.cs:25;server/src/TagEkyc.Application/CaptureRuntime/CaptureRuntimeStartup.cs:63	R4-PRESERVED-CIPHERTEXT	R2R6HttpsPublicationReplayAndMismatchScenarios@server/tests/TagEkyc.IntegrationTests/Tip88C1C6BA3R2R6ClusterHttpTests.cs:49	MUTATION_DISCRIMINATED	SHIPPING_JOINED	NOT_TRACED	NONE	ALREADY_RATIFIED_COMPLETE	No remaining row closure work is asserted; any additional check would be beyond the ratified evidence.	NOT_TRACED	Already ratified; disposition describes only residual optional audit work.
OUTCOME_CODE	RAW_EXPORT_SOURCE_AVAILABLE	NONE	RAW_EXPORT_SOURCE_AVAILABLE requires 200 S at A3 P6/P7 with Actual R5 published head; later replay O17; retain durable R6 cleanup.	A3 P6/P7	server/docs/tips/tip_88c1_secure_raw_source_sealed_assembly/tip_88c1_c6b_a3_broker_composition_dispatch_v0_5.md:191;server/docs/tips/tip_88c1_secure_raw_source_sealed_assembly/tip_88c1_c6b_a3_proof_reconciliation_v0_2.md:142	HOMEOWNER_RATIFIED	server/src/TagEkyc.Infrastructure/RawExport/CaptureRuntimeSourcePipeline.cs:1480	1	YES	server/src/TagEkyc.Api/CaptureRuntimeRouteRegistration.cs:25;server/src/TagEkyc.Application/CaptureRuntime/CaptureRuntimeStartup.cs:63	R5-PUBLICATION	R2R6HttpsPublicationReplayAndMismatchScenarios@server/tests/TagEkyc.IntegrationTests/Tip88C1C6BA3R2R6ClusterHttpTests.cs:49	MUTATION_DISCRIMINATED	SHIPPING_JOINED	NOT_TRACED	NONE	ALREADY_RATIFIED_COMPLETE	No remaining row closure work is asserted; any additional check would be beyond the ratified evidence.	NOT_TRACED	Already ratified; disposition describes only residual optional audit work.
OUTCOME_CODE	SOURCE_ENCRYPTION_FAILED	P23 A3_S02_O23_ExactOutcomeShapeStatusAndResidue	SOURCE_ENCRYPTION_FAILED requires NO EGRESS at Internal P5 cause with Project recoverability to O18/O20 after exact cleanup.	Internal P5 cause	server/docs/tips/tip_88c1_secure_raw_source_sealed_assembly/tip_88c1_c6b_a3_broker_composition_dispatch_v0_5.md:192	CANDIDATE_ONLY	NOT_TRACED	0	NO	NOT_TRACED	R2-INTERNAL-CAUSE	A3_S02_All14ExcludedCodesCannotEgress@server/tests/TagEkyc.IntegrationTests/Tip88C1C6BA3ClientServerAcceptanceTests.cs:172	GREEN_ONLY	FIXTURE_OR_SYNTHETIC	NOT_TRACED	NONE	AUTHORITY_DECISION_REQUIRED	Decide whether a literal O23 internal producer is necessary; current proof only excludes the code from the wire.	NOT_TRACED	Internal code absence is not a producer proof.
OUTCOME_CODE	RAW_EXPORT_SOURCE_TIME_BOUNDS_INVALID	P24 A3_S02_O24_ExactOutcomeShapeStatusAndResidue	RAW_EXPORT_SOURCE_TIME_BOUNDS_INVALID requires NO EGRESS at Readiness with Block activation, preserve existing residue.	Readiness	server/docs/tips/tip_88c1_secure_raw_source_sealed_assembly/tip_88c1_c6b_a3_broker_composition_dispatch_v0_5.md:193	CANDIDATE_ONLY	server/src/TagEkyc.Infrastructure/RawExport/CustodyProfileReadinessValidator.cs:143	1	YES	server/src/TagEkyc.Infrastructure/RawExport/CaptureRuntimeRawIngressComposition.cs:187	READINESS-TIME-BOUNDS	OrdinaryProgramActivatedInvalidTimeBoundsStopsBeforeAnyIngress@server/tests/TagEkyc.IntegrationTests/Tip88C1C6BA3BrokerPipelineTests.cs:1024	GREEN_ONLY	SHIPPING_JOINED	NOT_TRACED	NONE	AUTHORITY_DECISION_REQUIRED	Decide whether the full time-bound relationship matrix and pre-existing-residue Activated join must gate activation.	server/docs/tips/tip_88c1_secure_raw_source_sealed_assembly/tip_88c1_planning_brief.md:3446	Structural reachability assumes a future zero-open seal; current seal blocks Activated.
OUTCOME_CODE	RAW_EXPORT_SOURCE_CAPACITY_CONFIGURATION_INVALID	P25 A3_S02_O25_ExactOutcomeShapeStatusAndResidue	RAW_EXPORT_SOURCE_CAPACITY_CONFIGURATION_INVALID requires NO EGRESS at Readiness with Invalid capacity config blocks new work.	Readiness	server/docs/tips/tip_88c1_secure_raw_source_sealed_assembly/tip_88c1_c6b_a3_broker_composition_dispatch_v0_5.md:194	CANDIDATE_ONLY	server/src/TagEkyc.Api/Program.cs:117;server/src/TagEkyc.Infrastructure/RawExport/CaptureRuntimeRawIngressComposition.cs:76;agent/src/TagEkyc.CaptureAgent.Core/CaptureAgentProductionConfigGate.cs:166	3	YES	server/src/TagEkyc.Api/Program.cs:117	READINESS-CAPACITY	OrdinaryProgramActivatedInvalidCapacityStopsBeforeAnyIngress@server/tests/TagEkyc.IntegrationTests/Tip88C1C6BA3BrokerPipelineTests.cs:950	GREEN_ONLY	SHIPPING_JOINED	NOT_TRACED	NONE	AUTHORITY_DECISION_REQUIRED	Decide whether active ChunkSize framing and all eight owning-side capacity keys must be joined before Activated.	server/docs/tips/tip_88c1_secure_raw_source_sealed_assembly/tip_88c1_planning_brief.md:3447	Structural reachability assumes a future zero-open seal; current seal blocks Activated.
OUTCOME_CODE	RAW_EXPORT_INGRESS_TRANSPORT_POSTURE_INVALID	P26 A3_S02_O26_ExactOutcomeShapeStatusAndResidue	RAW_EXPORT_INGRESS_TRANSPORT_POSTURE_INVALID requires NO EGRESS at Ingress readiness with Block admission; no silent transport downgrade.	Ingress readiness	server/docs/tips/tip_88c1_secure_raw_source_sealed_assembly/tip_88c1_c6b_a3_broker_composition_dispatch_v0_5.md:195	CANDIDATE_ONLY	NOT_TRACED	0	NO	NOT_TRACED	INGRESS-POSTURE	NONE	NONE	NONE	NOT_TRACED	NONE	AUTHORITY_DECISION_REQUIRED	Choose the production proxy and pre-admission buffering owner before requiring the literal O26 readiness diagnostic.	server/docs/tips/tip_88c1_secure_raw_source_sealed_assembly/tip_88c1_planning_brief.md:3448	Structural reachability assumes a future zero-open seal; current seal blocks Activated.
OUTCOME_CODE	RAW_EXPORT_CAPTURE_HOST_POSTURE_INVALID	P27 A3_S02_O27_ExactOutcomeShapeStatusAndResidue	RAW_EXPORT_CAPTURE_HOST_POSTURE_INVALID requires NO EGRESS at Agent readiness with Block local retained submission.	Agent readiness	server/docs/tips/tip_88c1_secure_raw_source_sealed_assembly/tip_88c1_c6b_a3_broker_composition_dispatch_v0_5.md:196	CANDIDATE_ONLY	NOT_TRACED	0	NO	NOT_TRACED	AGENT-HOST-POSTURE	NONE	NONE	NONE	NOT_TRACED	NONE	AUTHORITY_DECISION_REQUIRED	Choose a real host-posture owner and residual-risk policy for memory swap hibernation dump debugger and identity controls.	server/docs/tips/tip_88c1_secure_raw_source_sealed_assembly/tip_88c1_planning_brief.md:3449	Structural reachability assumes a future zero-open seal; current seal blocks Activated.
OUTCOME_CODE	RAW_EXPORT_CUSTODY_RECONCILIATION_HOST_POSTURE_INVALID	P28 A3_S02_O28_ExactOutcomeShapeStatusAndResidue	RAW_EXPORT_CUSTODY_RECONCILIATION_HOST_POSTURE_INVALID requires NO EGRESS at Worker readiness with Preserve residue; block unqualified worker.	Worker readiness	server/docs/tips/tip_88c1_secure_raw_source_sealed_assembly/tip_88c1_c6b_a3_broker_composition_dispatch_v0_5.md:197	CANDIDATE_ONLY	NOT_TRACED	0	NO	NOT_TRACED	RECONCILER-HOST-POSTURE	NONE	NONE	NONE	NOT_TRACED	NONE	AUTHORITY_DECISION_REQUIRED	Choose the independent per-scan reconciler posture owner and unsupported-OS residual-risk policy.	server/docs/tips/tip_88c1_secure_raw_source_sealed_assembly/tip_88c1_planning_brief.md:3450	Structural reachability assumes a future zero-open seal; current seal blocks Activated.
OUTCOME_CODE	RAW_EXPORT_AUTHORITY_INVALID	P29 A3_S02_O29_ExactOutcomeShapeStatusAndResidue	RAW_EXPORT_AUTHORITY_INVALID requires NO EGRESS at Assembly/B4 with Do not import export authority code into ingress.	Assembly/B4	server/docs/tips/tip_88c1_secure_raw_source_sealed_assembly/tip_88c1_c6b_a3_broker_composition_dispatch_v0_5.md:198;server/docs/tips/tip_88c1_secure_raw_source_sealed_assembly/a3_macro_wave_w2_homeowner_scope_decision_v1.md:10;server/docs/tips/tip_88c1_secure_raw_source_sealed_assembly/raw_export_delivery_activation_topology_decision_v1.md:5	OPERATIVE_IMPLEMENTATION_AUTHORITY	DurableRawExportAssemblyWorkSource@server/src/TagEkyc.Infrastructure/RawExport/RawExportAssemblyRuntimeInfrastructure.cs:142	1	YES	server/src/TagEkyc.Infrastructure/RawExport/RawExportAssemblyServiceCollectionExtensions.cs:41;server/src/TagEkyc.Api/Program.cs:70;server/tests/TagEkyc.IntegrationTests/RawExportDeliverySameJobEndToEndTests.cs	ASSEMBLY-WORK-SOURCE	C113_second_fresh_barrier_immediately_precedes_prepare@server/tests/TagEkyc.IntegrationTests/Tip88C1C1ResolverAssemblyTests.cs:475	COMPONENT_ONLY	FIXTURE_OR_SYNTHETIC	NOT_TRACED	NONE	TEST_REQUIRED	Joined DurableWorker proof must show authority-invalid recording before any source/provider read.	ROW_PROOF_AND_HOMEOWNER_RATIFICATION	Production durable work source and same-Job delivery success path now exist. Raw-export delivery ratification does not ratify this exact failure row.
OUTCOME_CODE	RAW_EXPORT_SOURCE_SELECTION_NONE	P30 A3_S02_O30_ExactOutcomeShapeStatusAndResidue	RAW_EXPORT_SOURCE_SELECTION_NONE requires NO EGRESS at Selection/assembly with No source binding/provider read.	Selection/assembly	server/docs/tips/tip_88c1_secure_raw_source_sealed_assembly/tip_88c1_c6b_a3_broker_composition_dispatch_v0_5.md:199;server/docs/tips/tip_88c1_secure_raw_source_sealed_assembly/a3_macro_wave_w2_homeowner_scope_decision_v1.md:10;server/docs/tips/tip_88c1_secure_raw_source_sealed_assembly/raw_export_delivery_activation_topology_decision_v1.md:5	OPERATIVE_IMPLEMENTATION_AUTHORITY	DurableRawExportAssemblyWorkSource@server/src/TagEkyc.Infrastructure/RawExport/RawExportAssemblyRuntimeInfrastructure.cs:142	1	YES	server/src/TagEkyc.Infrastructure/RawExport/RawExportAssemblyServiceCollectionExtensions.cs:41;server/src/TagEkyc.Api/Program.cs:70;server/tests/TagEkyc.IntegrationTests/RawExportDeliverySameJobEndToEndTests.cs	ASSEMBLY-WORK-SOURCE	C102_missing_duplicate_or_mismatched_source_has_zero_bindings@server/tests/TagEkyc.IntegrationTests/Tip88C1C1ResolverAssemblyTests.cs:257	COMPONENT_ONLY	FIXTURE_OR_SYNTHETIC	NOT_TRACED	NONE	TEST_REQUIRED	Joined DurableWorker proof must show the zero-eligible-source outcome with no binding or provider read.	ROW_PROOF_AND_HOMEOWNER_RATIFICATION	Production durable work source and same-Job delivery success path now exist. Raw-export delivery ratification does not ratify this exact failure row.
OUTCOME_CODE	RAW_EXPORT_SOURCE_SELECTION_AMBIGUOUS	P31 A3_S02_O31_ExactOutcomeShapeStatusAndResidue	RAW_EXPORT_SOURCE_SELECTION_AMBIGUOUS requires NO EGRESS at Selection/assembly with No selection mutation/provider read.	Selection/assembly	server/docs/tips/tip_88c1_secure_raw_source_sealed_assembly/tip_88c1_c6b_a3_broker_composition_dispatch_v0_5.md:200;server/docs/tips/tip_88c1_secure_raw_source_sealed_assembly/a3_macro_wave_w2_homeowner_scope_decision_v1.md:10;server/docs/tips/tip_88c1_secure_raw_source_sealed_assembly/raw_export_delivery_activation_topology_decision_v1.md:5	OPERATIVE_IMPLEMENTATION_AUTHORITY	DurableRawExportAssemblyWorkSource@server/src/TagEkyc.Infrastructure/RawExport/RawExportAssemblyRuntimeInfrastructure.cs:142	1	YES	server/src/TagEkyc.Infrastructure/RawExport/RawExportAssemblyServiceCollectionExtensions.cs:41;server/src/TagEkyc.Api/Program.cs:70;server/tests/TagEkyc.IntegrationTests/RawExportDeliverySameJobEndToEndTests.cs	ASSEMBLY-WORK-SOURCE	A3_W2_AssemblyExactOutcomeMatrixUsesOneSharedProviderFixture@server/tests/TagEkyc.IntegrationTests/Tip88C1C1ResolverAssemblyTests.cs:542	COMPONENT_ONLY	FIXTURE_OR_SYNTHETIC	NOT_TRACED	NONE	TEST_REQUIRED	Joined DurableWorker proof must show the multiple-eligible-source ambiguity outcome without selection mutation or provider read.	ROW_PROOF_AND_HOMEOWNER_RATIFICATION	Production durable work source and same-Job delivery success path now exist. Raw-export delivery ratification does not ratify this exact failure row.
OUTCOME_CODE	RAW_EXPORT_SOURCE_SELECTION_CONFLICT	P32 A3_S02_O32_ExactOutcomeShapeStatusAndResidue	RAW_EXPORT_SOURCE_SELECTION_CONFLICT requires NO EGRESS at Selection CAS with Frozen mapping unchanged.	Selection CAS	server/docs/tips/tip_88c1_secure_raw_source_sealed_assembly/tip_88c1_c6b_a3_broker_composition_dispatch_v0_5.md:201;server/docs/tips/tip_88c1_secure_raw_source_sealed_assembly/a3_macro_wave_w2_homeowner_scope_decision_v1.md:10;server/docs/tips/tip_88c1_secure_raw_source_sealed_assembly/raw_export_delivery_activation_topology_decision_v1.md:5	OPERATIVE_IMPLEMENTATION_AUTHORITY	DurableRawExportAssemblyWorkSource@server/src/TagEkyc.Infrastructure/RawExport/RawExportAssemblyRuntimeInfrastructure.cs:142	1	YES	server/src/TagEkyc.Infrastructure/RawExport/RawExportAssemblyServiceCollectionExtensions.cs:41;server/src/TagEkyc.Api/Program.cs:70;server/tests/TagEkyc.IntegrationTests/RawExportDeliverySameJobEndToEndTests.cs	ASSEMBLY-WORK-SOURCE	A3_W2_AssemblyExactOutcomeMatrixUsesOneSharedProviderFixture@server/tests/TagEkyc.IntegrationTests/Tip88C1C1ResolverAssemblyTests.cs:542	COMPONENT_ONLY	FIXTURE_OR_SYNTHETIC	NOT_TRACED	NONE	TEST_REQUIRED	Joined DurableWorker proof must show the frozen-selection conflict outcome with the mapping unchanged.	ROW_PROOF_AND_HOMEOWNER_RATIFICATION	Production durable work source and same-Job delivery success path now exist. Raw-export delivery ratification does not ratify this exact failure row.
OUTCOME_CODE	RAW_EXPORT_SOURCE_UNAVAILABLE	P33 A3_S02_O33_ExactOutcomeShapeStatusAndResidue	RAW_EXPORT_SOURCE_UNAVAILABLE requires NO EGRESS at Later resolver/assembly with No assembly/provider read; no false Available.	Later resolver/assembly	server/docs/tips/tip_88c1_secure_raw_source_sealed_assembly/tip_88c1_c6b_a3_broker_composition_dispatch_v0_5.md:202;server/docs/tips/tip_88c1_secure_raw_source_sealed_assembly/a3_macro_wave_w2_homeowner_scope_decision_v1.md:10;server/docs/tips/tip_88c1_secure_raw_source_sealed_assembly/raw_export_delivery_activation_topology_decision_v1.md:5	OPERATIVE_IMPLEMENTATION_AUTHORITY	DurableRawExportAssemblyWorkSource@server/src/TagEkyc.Infrastructure/RawExport/RawExportAssemblyRuntimeInfrastructure.cs:142	1	YES	server/src/TagEkyc.Infrastructure/RawExport/RawExportAssemblyServiceCollectionExtensions.cs:41;server/src/TagEkyc.Api/Program.cs:70;server/tests/TagEkyc.IntegrationTests/RawExportDeliverySameJobEndToEndTests.cs	ASSEMBLY-WORK-SOURCE	A3_ASSEMBLY_P33_SelectedCommittedSourceIsUnavailableWithoutProviderRead@server/tests/TagEkyc.IntegrationTests/Tip88C1C1ResolverAssemblyTests.cs:516	COMPONENT_ONLY	FIXTURE_OR_SYNTHETIC	NOT_TRACED	NONE	TEST_REQUIRED	Joined DurableWorker proof must show selected-source unavailability before assembly/provider read.	ROW_PROOF_AND_HOMEOWNER_RATIFICATION	Production durable work source and same-Job delivery success path now exist. Raw-export delivery ratification does not ratify this exact failure row.
OUTCOME_CODE	RAW_EXPORT_SOURCE_INTEGRITY_INVALID	P34 A3_S02_O34_ExactOutcomeShapeStatusAndResidue	RAW_EXPORT_SOURCE_INTEGRITY_INVALID requires NO EGRESS at Assembly verification with Owned corruption/quarantine evidence, not R27 mismatch.	Assembly verification	server/docs/tips/tip_88c1_secure_raw_source_sealed_assembly/tip_88c1_c6b_a3_broker_composition_dispatch_v0_5.md:203;server/docs/tips/tip_88c1_secure_raw_source_sealed_assembly/a3_macro_wave_w2_homeowner_scope_decision_v1.md:10;server/docs/tips/tip_88c1_secure_raw_source_sealed_assembly/raw_export_delivery_activation_topology_decision_v1.md:5	OPERATIVE_IMPLEMENTATION_AUTHORITY	DurableRawExportAssemblyWorkSource@server/src/TagEkyc.Infrastructure/RawExport/RawExportAssemblyRuntimeInfrastructure.cs:142	1	YES	server/src/TagEkyc.Infrastructure/RawExport/RawExportAssemblyServiceCollectionExtensions.cs:41;server/src/TagEkyc.Api/Program.cs:70;server/tests/TagEkyc.IntegrationTests/RawExportDeliverySameJobEndToEndTests.cs	ASSEMBLY-WORK-SOURCE	A3_W2_AssemblyExactOutcomeMatrixUsesOneSharedProviderFixture@server/tests/TagEkyc.IntegrationTests/Tip88C1C1ResolverAssemblyTests.cs:542	COMPONENT_ONLY	FIXTURE_OR_SYNTHETIC	NOT_TRACED	NONE	TEST_REQUIRED	Joined DurableWorker proof must show source-integrity failure with quarantine/no-egress residue.	ROW_PROOF_AND_HOMEOWNER_RATIFICATION	Production durable work source and same-Job delivery success path now exist. Raw-export delivery ratification does not ratify this exact failure row.
OUTCOME_CODE	RAW_EXPORT_ASSEMBLY_PREPARE_FAILED	P35 A3_S02_O35_ExactOutcomeShapeStatusAndResidue	RAW_EXPORT_ASSEMBLY_PREPARE_FAILED requires NO EGRESS at C2 preparation with Exact prepare abort, no assembly identity.	C2 preparation	server/docs/tips/tip_88c1_secure_raw_source_sealed_assembly/tip_88c1_c6b_a3_broker_composition_dispatch_v0_5.md:204;server/docs/tips/tip_88c1_secure_raw_source_sealed_assembly/a3_macro_wave_w2_homeowner_scope_decision_v1.md:10;server/docs/tips/tip_88c1_secure_raw_source_sealed_assembly/raw_export_delivery_activation_topology_decision_v1.md:5	OPERATIVE_IMPLEMENTATION_AUTHORITY	DurableRawExportAssemblyWorkSource@server/src/TagEkyc.Infrastructure/RawExport/RawExportAssemblyRuntimeInfrastructure.cs:142	1	YES	server/src/TagEkyc.Infrastructure/RawExport/RawExportAssemblyServiceCollectionExtensions.cs:41;server/src/TagEkyc.Api/Program.cs:70;server/tests/TagEkyc.IntegrationTests/RawExportDeliverySameJobEndToEndTests.cs	ASSEMBLY-WORK-SOURCE	A3_W2_AssemblyExactOutcomeMatrixUsesOneSharedProviderFixture@server/tests/TagEkyc.IntegrationTests/Tip88C1C1ResolverAssemblyTests.cs:542	COMPONENT_ONLY	FIXTURE_OR_SYNTHETIC	NOT_TRACED	NONE	TEST_REQUIRED	Joined DurableWorker proof must show C2 prepare failure with exact abort and no assembly identity.	ROW_PROOF_AND_HOMEOWNER_RATIFICATION	Production durable work source and same-Job delivery success path now exist. Raw-export delivery ratification does not ratify this exact failure row.
OUTCOME_CODE	RAW_EXPORT_ASSEMBLY_CLASS_SET_MISMATCH	P36 A3_S02_O36_ExactOutcomeShapeStatusAndResidue	RAW_EXPORT_ASSEMBLY_CLASS_SET_MISMATCH requires NO EGRESS at Seal with No seal/assembly identity.	Seal	server/docs/tips/tip_88c1_secure_raw_source_sealed_assembly/tip_88c1_c6b_a3_broker_composition_dispatch_v0_5.md:205;server/docs/tips/tip_88c1_secure_raw_source_sealed_assembly/a3_macro_wave_w2_homeowner_scope_decision_v1.md:10;server/docs/tips/tip_88c1_secure_raw_source_sealed_assembly/raw_export_delivery_activation_topology_decision_v1.md:5	OPERATIVE_IMPLEMENTATION_AUTHORITY	DurableRawExportAssemblyWorkSource@server/src/TagEkyc.Infrastructure/RawExport/RawExportAssemblyRuntimeInfrastructure.cs:142	1	YES	server/src/TagEkyc.Infrastructure/RawExport/RawExportAssemblyServiceCollectionExtensions.cs:41;server/src/TagEkyc.Api/Program.cs:70;server/tests/TagEkyc.IntegrationTests/RawExportDeliverySameJobEndToEndTests.cs	ASSEMBLY-WORK-SOURCE	A3_W2_AssemblyExactOutcomeMatrixUsesOneSharedProviderFixture@server/tests/TagEkyc.IntegrationTests/Tip88C1C1ResolverAssemblyTests.cs:542	COMPONENT_ONLY	FIXTURE_OR_SYNTHETIC	NOT_TRACED	NONE	TEST_REQUIRED	Joined DurableWorker proof must show class-set mismatch with no sealed assembly identity.	ROW_PROOF_AND_HOMEOWNER_RATIFICATION	Production durable work source and same-Job delivery success path now exist. Raw-export delivery ratification does not ratify this exact failure row.
PARTITION_ONLY_INVARIANT	NONE	BP12 CleanupSurvivesHttpReceiptLoss	After HTTP receipt loss cleanup resumes from durable ciphertext and disposition without body resend.	R2-R6 cleanup	server/docs/tips/tip_88c1_secure_raw_source_sealed_assembly/tip_88c1_c6b_a3_broker_pipeline_contract_v0_5.md:361	CANDIDATE_ONLY	server/src/TagEkyc.Infrastructure/RawExport/CaptureRuntimeSourcePipeline.cs:1440	1	YES	server/src/TagEkyc.Api/CaptureRuntimeRouteRegistration.cs:25;server/src/TagEkyc.Application/CaptureRuntime/CaptureRuntimeStartup.cs:63	PROCESS_KILL-G-L-G-H	R2R6_ClusterProcessKillMatrixUsesSharedInfrastructureAndIsolatedSources@server/tests/TagEkyc.IntegrationTests/Tip88C1C6BA3R2TerminalProjectionTests.cs:909	COMPONENT_ONLY	PRODUCTION_COMPONENT	NOT_TRACED	NONE	AUTHORITY_DECISION_REQUIRED	Decide whether receipt-loss cleanup must be joined to the same process-killed source before Activated.	NOT_TRACED	Named candidate contract is documentation only and does not itself authorize implementation or activation.
PARTITION_ONLY_INVARIANT	NONE	BP19 AllStageEnumMembersHaveExactProjection	Each production R2-R6 stage enum projects to an exact allowed outcome without inventing a stronger result for an unknown stage.	R2-R6 stage projection	server/docs/tips/tip_88c1_secure_raw_source_sealed_assembly/tip_88c1_c6b_a3_broker_pipeline_contract_v0_5.md:296	CANDIDATE_ONLY	NOT_TRACED	0	NO	NOT_TRACED	G-M	NONE	NONE	NONE	NOT_TRACED	NONE	DEFERRED_UNREACHABLE	Unknown numeric stage cannot be emitted by the traced stage catalogue without a new producer or corruption path.	NOT_TRACED	Named candidate contract is documentation only and does not itself authorize implementation or activation.
PARTITION_ONLY_INVARIANT	NONE	BP20 TransientO18SettlesThenSameOwnerRetryReachesAvailable	A settled transient O18 permits one same-owner RE01 successor and reaches Available without rewriting the old attempt.	RE01 after transient R2	server/docs/tips/tip_88c1_secure_raw_source_sealed_assembly/tip_88c1_c6b_a3_broker_pipeline_contract_v0_5.md:138	CANDIDATE_ONLY	server/src/TagEkyc.Infrastructure/Persistence/Migrations/20260913120000_Tip88C1C6BA3RetainedIngressComposition.cs:4471	1	YES	server/src/TagEkyc.Api/CaptureRuntimeRouteRegistration.cs:25;server/src/TagEkyc.Application/CaptureRuntime/CaptureRuntimeStartup.cs:63	REENTRY-STATE-CAS	Re01_LostR1RetryAppendsOneFreshAttemptAndRenewsOnlyDerivedLease@server/tests/TagEkyc.IntegrationTests/Tip88C1C6BA3R2TerminalProjectionTests.cs:2696	COMPONENT_ONLY	PRODUCTION_COMPONENT	NOT_TRACED	NONE	AUTHORITY_DECISION_REQUIRED	Decide whether the missing same-source race and terminal-owner joins are Activated blockers rather than component hardening.	NOT_TRACED	Named candidate contract is documentation only and does not itself authorize implementation or activation.
PARTITION_ONLY_INVARIANT	NONE	BP20 ReentryCannotRaceStageOrTerminalIntent	RE01 cannot race R3 staging or TI01 terminal intent into mixed head and intent state.	RE01 versus R3 or TI01	server/docs/tips/tip_88c1_secure_raw_source_sealed_assembly/tip_88c1_c6b_a3_broker_pipeline_contract_v0_5.md:138	CANDIDATE_ONLY	server/src/TagEkyc.Infrastructure/Persistence/Migrations/20260913120000_Tip88C1C6BA3RetainedIngressComposition.cs:4471	1	YES	server/src/TagEkyc.Api/CaptureRuntimeRouteRegistration.cs:25;server/src/TagEkyc.Application/CaptureRuntime/CaptureRuntimeStartup.cs:63	REENTRY-STATE-CAS	Re01_LostR1RetryAppendsOneFreshAttemptAndRenewsOnlyDerivedLease@server/tests/TagEkyc.IntegrationTests/Tip88C1C6BA3R2TerminalProjectionTests.cs:2696	COMPONENT_ONLY	PRODUCTION_COMPONENT	NOT_TRACED	NONE	AUTHORITY_DECISION_REQUIRED	Decide whether the missing same-source race and terminal-owner joins are Activated blockers rather than component hardening.	NOT_TRACED	Named candidate contract is documentation only and does not itself authorize implementation or activation.
PARTITION_ONLY_INVARIANT	NONE	BP20 TerminalOrDifferentOwnerCannotReenter	Terminal or different-owner attempts cannot reuse the same-owner RE01 path.	RE01 admission	server/docs/tips/tip_88c1_secure_raw_source_sealed_assembly/tip_88c1_c6b_a3_broker_pipeline_contract_v0_5.md:138	CANDIDATE_ONLY	server/src/TagEkyc.Infrastructure/Persistence/Migrations/20260913120000_Tip88C1C6BA3RetainedIngressComposition.cs:4471	1	YES	server/src/TagEkyc.Api/CaptureRuntimeRouteRegistration.cs:25;server/src/TagEkyc.Application/CaptureRuntime/CaptureRuntimeStartup.cs:63	REENTRY-STATE-CAS	Re01_LostR1RetryAppendsOneFreshAttemptAndRenewsOnlyDerivedLease@server/tests/TagEkyc.IntegrationTests/Tip88C1C6BA3R2TerminalProjectionTests.cs:2696	COMPONENT_ONLY	PRODUCTION_COMPONENT	NOT_TRACED	NONE	AUTHORITY_DECISION_REQUIRED	Decide whether the missing same-source race and terminal-owner joins are Activated blockers rather than component hardening.	NOT_TRACED	Named candidate contract is documentation only and does not itself authorize implementation or activation.
PARTITION_ONLY_INVARIANT	NONE	BP20 ExpiredTransientAttemptFinalizesRecaptureWithoutHistoryRewrite	An expired transient attempt finalizes O20 once while preserving old history bytes.	TI01 and TI02	server/docs/tips/tip_88c1_secure_raw_source_sealed_assembly/tip_88c1_c6b_a3_broker_pipeline_contract_v0_5.md:138	CANDIDATE_ONLY	server/src/TagEkyc.Infrastructure/Persistence/Migrations/20260913120000_Tip88C1C6BA3RetainedIngressComposition.cs:4471	1	YES	server/src/TagEkyc.Api/CaptureRuntimeRouteRegistration.cs:25;server/src/TagEkyc.Application/CaptureRuntime/CaptureRuntimeStartup.cs:63	REENTRY-STATE-CAS	Re01_LostR1RetryAppendsOneFreshAttemptAndRenewsOnlyDerivedLease@server/tests/TagEkyc.IntegrationTests/Tip88C1C6BA3R2TerminalProjectionTests.cs:2696	COMPONENT_ONLY	PRODUCTION_COMPONENT	NOT_TRACED	NONE	AUTHORITY_DECISION_REQUIRED	Decide whether the missing same-source race and terminal-owner joins are Activated blockers rather than component hardening.	NOT_TRACED	Named candidate contract is documentation only and does not itself authorize implementation or activation.
PARTITION_ONLY_INVARIANT	NONE	BP21 LostR1ResponseBeforeKeyRecoversWithoutMaterial	Loss of the R1 response before key preparation recovers from durable lease and no-provider evidence without creating old material.	R1 loss to NPS01 and RE01	server/docs/tips/tip_88c1_secure_raw_source_sealed_assembly/tip_88c1_c6b_a3_broker_pipeline_contract_v0_5.md:162	CANDIDATE_ONLY	server/src/TagEkyc.Infrastructure/Persistence/Migrations/20260913120000_Tip88C1C6BA3RetainedIngressComposition.cs:4475	1	YES	server/src/TagEkyc.Api/CaptureRuntimeRouteRegistration.cs:25;server/src/TagEkyc.Application/CaptureRuntime/CaptureRuntimeStartup.cs:63	PROCESS_KILL-NPS01-RE01	Nps01_LostR1WithoutProviderPersistsOnlyOperationalPair@server/tests/TagEkyc.IntegrationTests/Tip88C1C6BA3R2TerminalProjectionTests.cs:2175	COMPONENT_ONLY	PRODUCTION_COMPONENT	NOT_TRACED	NONE	AUTHORITY_DECISION_REQUIRED	Decide whether the same-source process-death after lost R1 response is activation-blocking.	NOT_TRACED	Named candidate contract is documentation only and does not itself authorize implementation or activation.
PARTITION_ONLY_INVARIANT	NONE	BP17 ProviderUnknownDoesNotInventInputMismatch	Provider-unknown maps to O21 only after complete durable inspection; incomplete evidence maps O18 and never O19.	R2 provider inspection	server/docs/tips/tip_88c1_secure_raw_source_sealed_assembly/tip_88c1_c6b_a3_broker_pipeline_contract_v0_5.md:303	CANDIDATE_ONLY	server/src/TagEkyc.Infrastructure/RawExport/CaptureRuntimeSourcePipeline.cs:1440	1	YES	server/src/TagEkyc.Api/CaptureRuntimeRouteRegistration.cs:25;server/src/TagEkyc.Application/CaptureRuntime/CaptureRuntimeStartup.cs:63	AUTH-PROVIDER-UNKNOWN	Continuation_PreKeyAndProviderUnknownAreDiscoverableWithoutFabricatedOutcome@server/tests/TagEkyc.IntegrationTests/Tip88C1C6BA3R2TerminalProjectionTests.cs:3694	COMPONENT_ONLY	PRODUCTION_COMPONENT	NOT_TRACED	NONE	AUTHORITY_DECISION_REQUIRED	Decide whether complete durable inspection must map provider-unknown to O21 while incomplete inspection maps O18 and never O19 before Activated.	NOT_TRACED	Named candidate contract is documentation only and does not itself authorize implementation or activation.
PARTITION_ONLY_INVARIANT	NONE	E01_Race_IssueWithdrawal	Issue and consent withdrawal serialize so withdrawal-first mints no permit and issue-first R1 rejects the raced permit.	R20 Issue and E01 withdrawal	server/docs/tips/tip_88c1_secure_raw_source_sealed_assembly/tip_88c1_c6b_a3_proof_reconciliation_v0_2.md:532	HOMEOWNER_RATIFIED	server/src/TagEkyc.Infrastructure/Persistence/Migrations/20260913120000_Tip88C1C6BA3RetainedIngressComposition.cs:8720	1	YES	server/src/TagEkyc.Api/CaptureRuntimeRouteRegistration.cs:25;server/src/TagEkyc.Application/CaptureRuntime/CaptureRuntimeStartup.cs:63	RETENTION-CURRENT-AUTHORITY	E01_Race_IssueWithdrawal_ReferenceLockOrdersPermitAndWithdrawal@server/tests/TagEkyc.IntegrationTests/Tip88C1C6BA3ConsentRetentionTests.cs:425	COMPONENT_ONLY	PRODUCTION_COMPONENT	NOT_TRACED	NONE	AUTHORITY_DECISION_REQUIRED	Reconcile the earlier ten-row E01 ratification statement with this row remaining candidate-pending in the current partition.	NOT_TRACED	Conflicting governance records; do not close or re-ratify within audit.
PARTITION_ONLY_INVARIANT	NONE	A3_RetentionSnapshot_ExactPermitRevision	A retained snapshot joins the actual issued permit revision exactly and rejects a different or missing revision.	retained snapshot append	server/docs/tips/tip_88c1_secure_raw_source_sealed_assembly/tip_88c1_c6b_a3_retention_checkpoint_contract_v0_6.md:224	CANDIDATE_ONLY	NOT_TRACED	0	NO	NOT_TRACED	RETENTION-REVISION-FREEZE	NONE	NONE	NONE	NOT_TRACED	NONE	DEFERRED_UNREACHABLE	Only revision-1 issuance is traced; creating revision-2 solely for this audit would add a new product feature.	NOT_TRACED	Named candidate contract is documentation only and does not itself authorize implementation or activation.
PARTITION_ONLY_INVARIANT	NONE	A3_C3_OuterAdmissionClockAfterAllLocks	C3 uses a fresh outer admission clock after session locks for delivery key and retained-source horizons.	C3 begin-stream	server/docs/tips/tip_88c1_secure_raw_source_sealed_assembly/tip_88c1_c6b_a3_retention_checkpoint_contract_v0_6.md:227	CANDIDATE_ONLY	NOT_TRACED	0	UNKNOWN	NOT_TRACED	RETENTION-POST-LOCK-CLOCK	NONE	NONE	NONE	NOT_TRACED	NONE	AUTHORITY_DECISION_REQUIRED	Decide whether the outer C3 admission clock must be taken after all session locks for delivery expiry recipient-key expiry and retained horizon before Activated.	NOT_TRACED	Named candidate contract is documentation only and does not itself authorize implementation or activation.
PARTITION_ONLY_INVARIANT	NONE	A3_RetentionReplay_CommonSessionPrefix	Public same-source replay serializes with TI01 TI02 RE01 R3 R4 and R5 under the same session prefix.	B replay versus custody stages	server/docs/tips/tip_88c1_secure_raw_source_sealed_assembly/tip_88c1_c6b_a3_retention_checkpoint_contract_v0_6.md:229	CANDIDATE_ONLY	NOT_TRACED	0	UNKNOWN	NOT_TRACED	RETENTION-REPLAY-PREFIX	NONE	NONE	NONE	NOT_TRACED	NONE	AUTHORITY_DECISION_REQUIRED	Decide whether public replay must race TI01 TI02 RE01 R3 R4 and R5 in both orders under the same session prefix before Activated.	NOT_TRACED	Named candidate contract is documentation only and does not itself authorize implementation or activation.
PARTITION_ONLY_INVARIANT	NONE	A3_RetentionCheckpoint_LatestReferenceNotOldEffective	Every fresh R1 R3 R4 and R5 checkpoint rejects an old effective reference when a newer head is updated or withdrawn.	R1 R3 R4 R5 checkpoint	server/docs/tips/tip_88c1_secure_raw_source_sealed_assembly/tip_88c1_c6b_a3_retention_checkpoint_contract_v0_6.md:230	CANDIDATE_ONLY	server/src/TagEkyc.Infrastructure/Persistence/Migrations/20260913120000_Tip88C1C6BA3RetainedIngressComposition.cs:8720	1	YES	server/src/TagEkyc.Api/CaptureRuntimeRouteRegistration.cs:25;server/src/TagEkyc.Application/CaptureRuntime/CaptureRuntimeStartup.cs:63	RETENTION-LATEST-HEAD	E01_RevisionInvalidation_UpdatedReferenceRejectsActualR1R3R4R5@server/tests/TagEkyc.IntegrationTests/Tip88C1C6BA3RetentionCheckpointTests.cs:825	MUTATION_DISCRIMINATED	PRODUCTION_COMPONENT	NOT_TRACED	NONE	AUTHORITY_DECISION_REQUIRED	Decide whether current PostgreSQL R1/R3/R4/R5 discrimination suffices or a shipping join is required before ratification.	NOT_TRACED	Named candidate contract is documentation only and does not itself authorize implementation or activation.
PARTITION_ONLY_INVARIANT	NONE	A3_ExportWithdrawal_BlocksBeforeProviderRead	C3 rejects a withdrawn retained-source reference before provider Open and before a Streaming append.	C3 begin-stream	server/docs/tips/tip_88c1_secure_raw_source_sealed_assembly/tip_88c1_c6b_a3_retention_checkpoint_contract_v0_6.md:234	CANDIDATE_ONLY	server/src/TagEkyc.Infrastructure/Persistence/Migrations/20260913120000_Tip88C1C6BA3RetainedIngressComposition.cs:8131	1	YES	server/src/TagEkyc.Api/CaptureRuntimeRouteRegistration.cs:25;server/src/TagEkyc.Application/CaptureRuntime/CaptureRuntimeStartup.cs:63	RETENTION-WITHDRAWAL-PRE-PROVIDER	A3_C3Begin_ActualB2WithdrawalSessionOrder@server/tests/TagEkyc.IntegrationTests/Tip88C1C6BA3RetentionCheckpointTests.cs:286	COMPONENT_ONLY	PRODUCTION_COMPONENT	NOT_TRACED	NONE	AUTHORITY_DECISION_REQUIRED	Decide whether C3 withdrawn-reference denial before provider Open must be independently discriminated at the retained-snapshot branch.	NOT_TRACED	Named candidate contract is documentation only and does not itself authorize implementation or activation.
PARTITION_ONLY_INVARIANT	NONE	A3_Continuation_ReadsFrozenActorAndActualRevisions	Restarted continuation uses the frozen durable principal and exact returned revisions without a new caller credential.	R3-R5 continuation	server/docs/tips/tip_88c1_secure_raw_source_sealed_assembly/tip_88c1_c6b_a3_retention_checkpoint_contract_v0_6.md:235	CANDIDATE_ONLY	NOT_TRACED	0	UNKNOWN	NOT_TRACED	RETENTION-FROZEN-ACTOR	NONE	NONE	NONE	NOT_TRACED	NONE	AUTHORITY_DECISION_REQUIRED	Decide whether a restarted worker must use frozen durable principal and exact returned revisions without a current credential before Activated.	NOT_TRACED	Named candidate contract is documentation only and does not itself authorize implementation or activation.
PARTITION_ONLY_INVARIANT	NONE	A3_Continuation_DuplicateWorkersDoNotRestartR2	Competing continuation workers produce one durable stage transition without a second R2 or body read.	R3-R5 worker	server/docs/tips/tip_88c1_secure_raw_source_sealed_assembly/tip_88c1_c6b_a3_retention_checkpoint_contract_v0_6.md:237	CANDIDATE_ONLY	NOT_TRACED	0	UNKNOWN	NOT_TRACED	RETENTION-DUPLICATE-WORKER	NONE	NONE	NONE	NOT_TRACED	NONE	AUTHORITY_DECISION_REQUIRED	Decide whether two competing workers at provisional staged and committed boundaries must be joined to zero repeated R2/body/provider work before Activated.	NOT_TRACED	Named candidate contract is documentation only and does not itself authorize implementation or activation.
PARTITION_ONLY_INVARIANT	NONE	A3_Continuation_ExpiredTransientWithoutIntent	After the original horizon an operationally terminated transient attempt without intent is discovered and finalized once.	TI01 TI02 scan	server/docs/tips/tip_88c1_secure_raw_source_sealed_assembly/tip_88c1_c6b_a3_retention_checkpoint_contract_v0_6.md:239	CANDIDATE_ONLY	NOT_TRACED	0	UNKNOWN	NOT_TRACED	RETENTION-ORIGINAL-HORIZON	NONE	NONE	NONE	NOT_TRACED	NONE	AUTHORITY_DECISION_REQUIRED	Decide whether no-intent transient attempts must be scanned only after original horizon and finalized once without rewriting operational history before Activated.	NOT_TRACED	Named candidate contract is documentation only and does not itself authorize implementation or activation.
PARTITION_ONLY_INVARIANT	NONE	A3_RetentionMigration_CheckoutRepresentationsConverge	CRLF and LF checkouts install byte-equivalent A3 function bodies owners ACLs and signatures.	migration installation	server/docs/tips/tip_88c1_secure_raw_source_sealed_assembly/tip_88c1_c6b_a3_retention_checkpoint_contract_v0_6.md:217	CANDIDATE_ONLY	NOT_TRACED	0	UNKNOWN	NOT_TRACED	RETENTION-CHECKOUT-BYTES	NONE	NONE	NONE	NOT_TRACED	NONE	HARDENING_NOT_ACTIVATION_BLOCKER	CRLF/LF checkout representation parity is release reproducibility assurance rather than an Activated runtime decision.	NOT_TRACED	Candidate contract specifies deployment verification; no runtime call path is claimed.
PARTITION_ONLY_INVARIANT	NONE	A3_S02_PreNonceA1PrecedenceUnchanged	Pre-nonce A1 authentication and metadata precedence remains unchanged on the A3 public ingress path.	P0 before nonce	server/docs/tips/tip_88c1_secure_raw_source_sealed_assembly/tip_88c1_c6b_a3_broker_composition_dispatch_v0_5.md:212	CANDIDATE_ONLY	NOT_TRACED	0	UNKNOWN	NOT_TRACED	RETENTION-PRE-NONCE-PRECEDENCE	NONE	NONE	NONE	NOT_TRACED	NONE	AUTHORITY_DECISION_REQUIRED	Decide whether the signed A1 pre-nonce precedence cross-product is a separate A3 activation gate beyond existing A1 readiness.	NOT_TRACED	Named candidate contract is documentation only and does not itself authorize implementation or activation.
PARTITION_ONLY_INVARIANT	NONE	A3_CompletionActorAndFailureProjection	Completion derives the durable actor and exact failure projection rather than inferring a principal from a request prefix.	B-C completion	server/docs/tips/tip_88c1_secure_raw_source_sealed_assembly/tip_88c1_c6b_a3_agent_result_contract_v0_6.md:241	CANDIDATE_ONLY	NOT_TRACED	0	UNKNOWN	NOT_TRACED	RETENTION-COMPLETION-ACTOR	NONE	NONE	NONE	NOT_TRACED	NONE	AUTHORITY_DECISION_REQUIRED	Decide whether real completion must derive the exact durable actor and preserve failure projection before Activated.	NOT_TRACED	Named candidate contract is documentation only and does not itself authorize implementation or activation.
PARTITION_ONLY_INVARIANT	NONE	A3_AgentRawExpectDoesNotSendBeforeCommittedR1	The Agent sends no raw body byte through Expect until server B and R1 commit durably.	Agent to server pre-body	server/docs/tips/tip_88c1_secure_raw_source_sealed_assembly/tip_88c1_c6b_a3_agent_result_contract_v0_6.md:244	CANDIDATE_ONLY	server/src/TagEkyc.Api/RawExportSourceIngressEndpoints.cs:63	1	YES	server/src/TagEkyc.Api/CaptureRuntimeRouteRegistration.cs:25;server/src/TagEkyc.Application/CaptureRuntime/CaptureRuntimeStartup.cs:63	TRANSPORT-EXPECT-FENCE	server/docs/tips/tip_88c1_secure_raw_source_sealed_assembly/a3_transport_expect_fence_joined_checkpoint_v2.md	JOINED_RUNTIME	Agent strict transport through TLS Kestrel and PostgreSQL observer	server/docs/tips/tip_88c1_secure_raw_source_sealed_assembly/a3_transport_expect_fence_joined_checkpoint_v2.md	RESTORED	SITE_QUALIFICATION_REQUIRED	NONE	SITE_TRANSPORT_QUALIFICATION_POLICY_V1	Product mechanism is complete; each deployed site must qualify its actual endpoint before raw ingress is allowed.
PARTITION_ONLY_INVARIANT	NONE	BP03 BrokerCommitObservedBeforeFirstRawRead	The server observes broker transaction commit before the first raw request-body read.	B commit before body	server/docs/tips/tip_88c1_secure_raw_source_sealed_assembly/a3_macro_wave_partition_v1.tsv:44	DERIVED_ASSURANCE	server/src/TagEkyc.Api/RawExportSourceIngressEndpoints.cs:63	1	YES	server/src/TagEkyc.Api/CaptureRuntimeRouteRegistration.cs:25;server/src/TagEkyc.Application/CaptureRuntime/CaptureRuntimeStartup.cs:63	TRANSPORT-EXPECT-FENCE	server/docs/tips/tip_88c1_secure_raw_source_sealed_assembly/a3_transport_expect_fence_joined_checkpoint_v2.md	JOINED_RUNTIME	Independent PostgreSQL observer before first application body read	server/docs/tips/tip_88c1_secure_raw_source_sealed_assembly/a3_transport_expect_fence_joined_checkpoint_v2.md	RESTORED	SITE_QUALIFICATION_REQUIRED	NONE	SITE_TRANSPORT_QUALIFICATION_POLICY_V1	Product mechanism is complete; site topology remains an operational qualification.
PARTITION_ONLY_INVARIANT	NONE	BP10 WindowCapacityIsBoundedAcrossAllExitPaths	The ingress plaintext window remains bounded and is released on every success denial and fault exit.	admission capacity lifetime	server/docs/tips/tip_88c1_secure_raw_source_sealed_assembly/a3_macro_wave_partition_v1.tsv:45	HOMEOWNER_RATIFIED	server/src/TagEkyc.Application/RawExport/CaptureRuntimeRawIngressAdmissionService.cs:30	1	YES	server/src/TagEkyc.Api/CaptureRuntimeRouteRegistration.cs:25;server/src/TagEkyc.Application/CaptureRuntime/CaptureRuntimeStartup.cs:63	ADMISSION-CAPACITY	BP10_BoundedWindowAndBothCountersReturnOnEveryAdmissionExit@server/tests/TagEkyc.IntegrationTests/Tip88C1C6BA3BrokerPipelineTests.cs:413	MUTATION_DISCRIMINATED	PRODUCTION_COMPONENT	BYTE_EXACT_RESTORED	server/tests/TagEkyc.IntegrationTests/TestResults/a3-activation-remaining/a3-remaining-final-restored-joined.trx	ALREADY_RATIFIED_COMPLETE	No remaining BP10 row-closure work; P04 P05 and Expect remain separate.	NOT_TRACED	Homeowner ratified BP10 on the reviewed packet; current scope removes this row only.
PARTITION_ONLY_INVARIANT	NONE	BP13 ThreeExpectTransportMutationsFailQualification	Finite Expect timeout proxy buffering and intermediary auto-Continue each fail transport qualification.	Expect transport qualification	server/docs/tips/tip_88c1_secure_raw_source_sealed_assembly/a3_macro_wave_partition_v1.tsv:46	DERIVED_ASSURANCE	server/src/TagEkyc.Api/RawExportSourceIngressEndpoints.cs:63	1	YES	server/src/TagEkyc.Api/CaptureRuntimeRouteRegistration.cs:25;server/src/TagEkyc.Application/CaptureRuntime/CaptureRuntimeStartup.cs:63	TRANSPORT-EXPECT-FENCE	server/docs/tips/tip_88c1_secure_raw_source_sealed_assembly/a3_expect_gate_b_topology_successor_v1.md	DISCRIMINATING	Transparent relay PASS and intermediary auto-Continue FAIL	server/docs/tips/tip_88c1_secure_raw_source_sealed_assembly/a3_expect_gate_b_topology_successor_v1.md	RESTORED	SITE_QUALIFICATION_REQUIRED	NONE	SITE_TRANSPORT_QUALIFICATION_POLICY_V1	Development harness cannot impersonate a hospital; site PASS must bind exact endpoint identity.
PARTITION_ONLY_INVARIANT	NONE	Agent raw HTTP Expect → durable server B/R1 before first body byte	The cross-repository Agent-to-server path keeps the first body byte behind durable B/R1.	Agent to B/R1 pre-body	server/docs/tips/tip_88c1_secure_raw_source_sealed_assembly/a3_macro_wave_partition_v1.tsv:47	DERIVED_ASSURANCE	server/src/TagEkyc.Api/RawExportSourceIngressEndpoints.cs:63	1	YES	server/src/TagEkyc.Api/CaptureRuntimeRouteRegistration.cs:25;server/src/TagEkyc.Application/CaptureRuntime/CaptureRuntimeStartup.cs:63	TRANSPORT-EXPECT-FENCE	server/docs/tips/tip_88c1_secure_raw_source_sealed_assembly/a3_transport_expect_fence_joined_checkpoint_v2.md	JOINED_RUNTIME	Agent to TLS Kestrel to durable PostgreSQL boundary	server/docs/tips/tip_88c1_secure_raw_source_sealed_assembly/a3_transport_expect_fence_joined_checkpoint_v2.md	RESTORED	SITE_QUALIFICATION_REQUIRED	NONE	SITE_TRANSPORT_QUALIFICATION_POLICY_V1	Product mechanism is complete; actual deployment topology is checked by the operational site gate.
