sha256	source_document	line
0012F9F6E46515131FA86796CFA281562BD9EBAF8AB42600835E0EE9FF60BBE2	proof_reconciliation	270
0108D7FFA54745F2541928DCE8A34E47D7867D0D4D8EA9CE4033E6E2A930C74A	proof_reconciliation	461
05D7A88F4FD97E238ED3C917F3258940DAA63F1F414A5EB9547243A78CED80FD	proof_reconciliation	247
0A34FC1CAD74F8F0E129627AACAD81FAEC8252EC3189EE870D2947673D8CBA14	proof_reconciliation	525
16EF192B950A24865C01FD6A02E4E6CEF24EF025FDAC1D69C82B7751F0C409DE	implementation_ledger	1180
1E87BE1D5BBDF4CC3FE7EEFE05EC9B52716B973C0EA9E3E258EDC76FAA258D63	proof_reconciliation	421
1FDB259A108DA8543D6EDE335EAA85954CA82B152AD5AA3FCBCD37AC51E5C3A9	proof_reconciliation	607
267E1948C8031DF7328AE83858487D7E9629FB3C728537E322C416F79979DEFB	proof_reconciliation	271
2F62CC0C7C1227B2B343F6A2838280526288781CEB0D7F141202774F2054409E	proof_reconciliation	247
4E47322D7354033BAA80995811DCAD339DED8F6B2280CB1F62392ED2969391FC	implementation_ledger	1543
4EED07748396D6B530E08E1F4D672F1FC2D82498D8BF0D6EB12E4F3294B88B17	proof_reconciliation	525
513C1732E0F85325F0268C9B6E7DF55C50DB7B2E815BE8CCA38C675FDF570050	implementation_ledger	1405
5254C9957A0376A2175E32E4E87DEBDA9F49707A036628F871258E51E71AC1DB	proof_reconciliation	427
5370612BC84A715795873713F3C3260347204F68D5014F063BE4A02B95FBAD20	proof_reconciliation	525
5500CF933B74C246839A9DC205C26EFD8A07A1A4294FA4861994336AB910CCF4	proof_reconciliation	247
59980CB0EDDB1959A952A31B946754621E91579160294A060B2E3AEA16C48D76	proof_reconciliation	617
5E7A96E9D4975A79CA34841DFE3AEF007E6145E95243CBA62FFF5DB22B856904	proof_reconciliation	562
5FADCF7741E4C07AD5EEFE70D74577E0B7C7D4CD8D67EAB9CDADE95921D0AD54	proof_reconciliation	415
62B22AD6417C069B5A9B79329CDA58E0A33E52488A386A4E1A6E3480F26F6140	proof_reconciliation	503
68366D38E56084C962703BA8B3082E672C005A78F80BFDCE22E8210E3BBEE7CF	proof_reconciliation	427
68DDF9625B62160F1E8005F0CE56F48980BEBE6FE3876F159B67E914EE264BDF	proof_reconciliation	288
69E3D7F8E54FE6BB209D891FC366CA2E79D803E9C42E0646634A6559379E3890	proof_reconciliation	247
6ADA0CCF2BE94E6B7D928766A268D5E0BE0C3D4704026F1526B3E40B22DFD8FC	proof_reconciliation	288
7299AA4C1D6BFC4ADD5909C1BCD3A44F6F6CD586C161BB58F3521003C80BE797	implementation_ledger	1181
74EF73B7812A489CA949CE29AFEDFCDA9A552E7410B4CCB87B34D79AEA543634	proof_reconciliation	504
7E5D753CE282226DE454DC616A8E22489598523C944D1AB79169875075DAD244	proof_reconciliation	447
8132C3C7504566EA856E9C04731E360EBAD52349C2D33FCE06F873A5CD0F5D61	proof_reconciliation	395
8417421B4BD6A0EF75A6F863425E209D4DCD168284DFA059CBDF5C14FF4745C2	proof_reconciliation	554
8554CAD47A8925FFE918C1B4CDDBD22B70B40199991B1476E31AE3CD4CCF038C	proof_reconciliation	247
89262541F4681AEE6437247D652611B7771CE2A77809ECE8A3420C093FBE566C	proof_reconciliation	520
8DDBE609EF5DFE0472A3698152FCD4E9F4099F3169845E7C923D02C82989612D	proof_reconciliation	457
943E2324B1CE6E6B748A6EB2DECDE9192ACC6420C3062672B21A88F86A7C3A1B	implementation_ledger	1537
9866299BED018F430046AAFC353D374D0AD7F1CEE6116C788E130785ECEB8D08	proof_reconciliation	524
98754253EF8C827767A8629C3E0B204D51B20897A847CA16C68B1A0DC4CA5013	proof_reconciliation	319
98EEDBA9C832CAD7D93521CDAD3B0F604F36BEA3BD848E178EEEAEBF54B6866A	proof_reconciliation	271
9FE8D7D8F87917E7A92AD776F38C4DEAD2DA45C732C99FE73B2DBC87F5D10681	proof_reconciliation	524
A29DD3FA19D51C530D654A239F57B6CAB7B798252076A77C58737683F83C1052	proof_reconciliation	380
A60D74A73C2B42DEFDD38697858A0811ED2733F254B5685CC5EBF20D9AC5D056	proof_reconciliation	524
A61D692DCDDEA90667486484F3637D86AE3523EE06EAE071F64B06BE5F3145BE	proof_reconciliation	524
A82CB2D0A0611F1EA036341957180D95E3E105278FCCB05C3D4E51909629656B	proof_reconciliation	524
A9B828CA8710455545CC295155BF79F32FC030F2DD2CFB431E1C879B56E4D680	proof_reconciliation	401
A9FE7B47C9D26D889DF9094D3DAAC28E20230FF73349AB8BE1CF8561BFAEFAED	proof_reconciliation	341
AFD102B3F0E6BD77CC13B83DFA221CBCC426E23E44B21B3DFA33102803F78BBD	implementation_ledger	1179
BD2EF56DEDBE53D54B1F31438351FE19F58C663A2D439EE3C0B3BF8B37A1967C	proof_reconciliation	506
BF1B8CE65EDD2D40C941ADD0EACF0F3336221827FFF03FF5C8683D1EF7331D86	proof_reconciliation	439
BFD82FE8242C96EB560507ADC42152F89CAD9CB37A8555231EBB3EE81A5972BB	proof_reconciliation	568
C1923603EEB19D9846A21B36F575A7E84AADB305CC19D56726D988B362DA3826	proof_reconciliation	247
C3741F0C3FD87735435F2C6AF9610CC94A9C4ACE8F36F64B376D99B90345F781	implementation_ledger	1533
C961C389123F9FFD894CE584AC89A6426D6C82795B2DE7A7821175630C1CB1C1	proof_reconciliation	597
D7808796544E11A1416EDC9873722792A325834C0CB884A1C89EB1FDA350F0A9	implementation_ledger	1178
DB7A9222A40C43541F91ADB5F2D1444C771374D7D2D898EF414348898034E814	proof_reconciliation	380
DC4A823F25BEF556893D4473B17915171C900ACD2A3EE9836F276BCADB276519	implementation_ledger	1406
DEE258163946475EE6FDDCA33CF793E0ED82AABD481473462F2C8EC40C2E3540	proof_reconciliation	309
E2517194663714030A6B9A38FF29F6B70F39B33208048344455734FCEBF34200	proof_reconciliation	447
E41CAC12F003D51C4A273867D61055B152EF595E54460155FA555C9E10C7C3D9	proof_reconciliation	403
E84CEF8B8CB10B416DD4F9BC35AFEB482975CE11379D083ACDFE0A057C544BB5	proof_reconciliation	433
EE8F4C0405A517EA678E8C21A9EE9ADDC98A9F7F75D724E22F87346CB1050F88	proof_reconciliation	587
F4E819F01BA339695E0594492C83DCA0D7E16F198EEA97AFDEA5DD0EBE4DE3A5	proof_reconciliation	505
FEBFD140B9DDA2C213F4D1A823A0476E7AA38E294A726F683DB5E822BCD213CE	implementation_ledger	1407
7EED7480906F4779E19D0AAA402F1286ED28F2EB4CE5DF084D1106CD83390B1A	proof_reconciliation	623
3F54616B5ED7916368AAD5C495A531CCEB62CDE0CA904E64658433B00E99FA44	proof_reconciliation	627
9D1C016FA2E378D6CB6A1FD7BFFE2942AC307DBD2B040B6F16AFF4C53C9D0053	proof_reconciliation	629
2C27C6F519343719C512084FD5AAF68DA941BBB46C24E94714680D542B1FEC47	cluster_matrix	167
77EB5D570D96CA3C19DCC7F2DFB5259832921295F3278273C2A8F29CEDC73A60	cluster_matrix	167
D4E2FBF893188198CC035634EB9AE8F16AE5476F64647BB07CC8870BD285074D	cluster_matrix	173
A3C1F5F19D792058D6D17D91867ECC0E9AD6947B95394E328B4401F30DB94AA5	cluster_matrix	211
378B2DDC36BFD1C71598CDA07F3C669C9853002F20F67FE5F8174D1393389757	cluster_matrix	212
864AB93DE457C49DBE009EF94AB2A69DC3D60E6242D8F54E0568AE882C72D550	cluster_matrix	213
C44274032B76CF92901E2DB8A69E38EB004C53608CB4144451A6B0D718A3A209	broker_claim_cluster	BC-G2-P10
E96F5148F0841B4DEFEE617F783B3BF87916FC36CDBA33E41D3DA757F6E51C41	broker_claim_cluster	BC-G7-P15
A40F4C332C7D1343C3A348B3F54B47CCB4E23A6DE326F0031B70A259EDFCA2B0	broker_claim_cluster	BC-G8-P16
123B48BF0AE09721C7D744B8AA719A754D898037D4532F93C3B9E2BB19A8D0A5	assembly_cluster	AS-G1-P29
149A9B3F6C40BFA692BDD9D0873816FAD7A2318705123CB5F4E8496879742EB1	assembly_cluster	AS-G2-P30-P33
E316FA55AFDD31EE2C4D7803627BC200ED059B30D53722CD2E4515CCF03DDF42	assembly_cluster	AS-G3-superseded
A55F2DD3A5A0C0BE100A9005F6C8C846E78A6F06D73E10BC3021A505B990F11C	assembly_cluster	AS-G3-P32-replay
B51215EFB3790F4B0463556A007F934C9238536B0FA2D42FB3017D54142C318F	broker_admission_cluster	BA-G1-P02-binding
5E051208C93475C6A9D49CA9CDED9E59F6626798D993CD0BE3F61CA119F5A191	broker_admission_cluster	BA-G2-P07-retention
EC50A2EBBAD831975E566573A0435B339183D12445ED2F0CE5BFB39C455A2D56	broker_admission_cluster	BA-G3-Agent-terminal-retire
5E334B42F31038E6918FD8B7A7A22B6347A62DC1EAE228F2AB5F35D928F4C9C2	broker_admission_cluster	BA-G4-P02-foreign-artifact
4FE0E4C7FECCE210C8DD34BA9066E97BF776F69FA3E752B529F779E2550EA7E4	broker_admission_p07_successor	BA-G5-P07-strict-expiry-comparator
E5B07ADE29F6A213654824429FBAB0BFFFA19A445CD036E119465CC8F3DD8253	r2r6_remaining_cluster	G-U-encryption-failure-projection
5BA4353535D8C36ACC6982C5BB1A35D10B2721F0948FF84A16D77A43F2D636D2	r2r6_remaining_cluster	G-T-O19-exact-cause
AD46FAE7684976A42D74F6E8F69ABA53B1F48CD8BD0890F8F724DB114D1EA749	r2r6_remaining_cluster	G-H-Agent-expired-lease-no-call
AABD39059C1DF8F3F58570E0DCFDD72DA872641FFF0A8ADD791C8E89FEF9FF99	r2r6_remaining_cluster	G-L-skip-pending-cleanup-current
F42D5BEF88129C92BC56B928A7181FFE17162FFDEE5EBAE869EA445700D5C597	r2r6_remaining_cluster	G-H-sync-read-superseded
1F53717D475D03906466B855B616B42E0BA04884CCFCD45134223859E867F600	r2r6_remaining_cluster	G-H-async-read-current
4B98AEC57EDFC41AF61FA871258527FAE9AC3F6311CD6EBAF6938EB34919FE1D	r2r6_review_correction	G-O19-first-public-projection
641FB57F91CC9858E3785B4FB1BA45D4E6BA46FC9E90DEEF058BBD49487B8833	r2r6_review_correction	G-O20-durable-ciphertext-cause
54784F8CFA49806AECBA95BD322037ECC740741223160CAD335C240C78E5059B	macro_wave_w1	G-O21-P21-preserved-ciphertext-projection
B480238723650EDED465ECA04ED0C6D736EE76A2E1009B7084019BC1F0350D0A	macro_wave_w1	G-O21-adjacent-pipeline-diagnostic
2D1913ADC1FDE73BD44B07579344D893638E12D06CD58F91A3D9A97E5802DE88	macro_wave_w2	W2-G-O03-O13-facade-shared-build
625E91B65B02C95FF28B6052E9959C4AEA30D6AB17F67457BD11AD2D869277CC	macro_wave_w2	W2-G-O04-endpoint
2F93F7129C3F0AC269537E09F88FC612B71DEBE30C100633BA19032AFC9A3C28	macro_wave_w2	W2-G-O05-admission
9F1939616A4943E307B3724BAC5F25E06B1D8821A858AEB33BD3FC851A94B352	macro_wave_w2	W2-G-O12-claim-state
F36D4D6D53866326CBF9417365043CF0A253494B00ACFC0A7E528F0D551E6EA8	macro_wave_w2	W2-G-O30-O31-assembly-sql
EF6A1A07A0AD7713671899713B4AC24357E1F2BBB23AD827F0E7FF887CDE6F60	macro_wave_w2	W2-G-O29-O32-O33-O35-O36-orchestrator
E57988151B7CC888DD4270F608A8ED12530FCBD7996FAF8A365854F1FE11F5E2	macro_wave_w2	W2-G-O34-integrity-evidence
EF3428B045F479CC672B0027D78703D489A74C2C6BD137069DDE09BC30FE933C	macro_wave_w2	W2-G-ASSEMBLY-CALLER
CC788652597A73F4B159A80528A7BE13BA99B2FFB437F7058E35BAE773960A91	macro_wave_w3	W3-G-CAPACITY-P08
A20A5D7A8CE5990912E4A1EC958F7CA3E0D5BDE1AB8035E5EED592A375F2227D	macro_wave_w3	W3-G-O14-LOCKED-HISTORIC-SELECTOR
44A4A6A0AA0175F7130E24300DE5B060AC2F589F254FF2C7CE74E29FE161BBCB	activation_evidence_gate	AE-G-ZERO-AUTHORITY-OPEN
F28D66B9AE6FFA5921B3E467375DFBD6C180B07DF5271836A624DA3295E9324D	macro_wave_w4	W4-G-CAP-AGENT-PORTRAIT
EE8D4DBE3EA4838D685C0F9E315519870DA0BCAEBF2B8599BD158FC20340E0C6	macro_wave_w5	W5-G-LATEST-REFERENCE-HEAD
08C9DFBD9047CCD830343DADD753A2BC0B83D8D91DBA628EF56FAF48733D042B	macro_wave_w5	W5-G-C3-SNAPSHOT-INNER-DIAGNOSTIC
926C72905F8309CBEFE9761AAF63FDAE941F97278FBC05DA0F4C76D07CD71D0F	macro_wave_w5	W5-G-C3-BEGIN-AUTHORITY
B72625009C3BD5B6351F493EDBBCA8CE7EFB015668BEE08DA7657B7ECF7F8002	activation_scope_topology	A3-SCOPE-TOPOLOGY
44D994F7D3DCDE5C522B582D0202109413E88EC94421A529E310D65F8CE13098	site_transport_probe	A3-SITE-PROBE-STARTUP-LIVENESS
