id	path	sha256	total	passed	failed	skipped	failing_test	first_assertion_or_exception	classification	guard_or_row	successor_trx	exclusion_reason	locator
RFR001	server/tests/TagEkyc.IntegrationTests/TestResults/a3-r2r6-gu-encryption-projection-current-red.trx	16159FCC6F1F18CFED69AC2B52E3DD9FB55F952EB9971EFF938D81A74F978D9D	9	8	1	0	R2R6HttpsPublicationReplayAndMismatchScenarios(encryptionFailure: True)	Assert.Equal strings differ: expected RAW_EXPORT_SOURCE_TEMPORARILY_UNAVAILABLE; actual RECAPTURE_REQUIRED	EVIDENCE_RED	G-U / P18,P23			a3_r2r6_remaining_cluster_execution_matrix_v2.md#horizontal-scenario-matrix
RFR002	server/tests/TagEkyc.IntegrationTests/TestResults/a3-r2r6-gp-agent-committed-current-red-v2.trx	0211613128269A932C06A7E20C2600303EBDCFD8BE60F0FEBDDAD16C7C545D37	1	0	1	0	R2R6HttpsPublicationReplayAndMismatchScenarios(agentFirstAtR5: True)	Assert.True failure at R5 advisory waiter: expected true, actual false	EVIDENCE_RED	G-P / P17,P21,P22			a3_r2r6_remaining_cluster_execution_matrix_v2.md#horizontal-scenario-matrix
RFR003	server/tests/TagEkyc.IntegrationTests/TestResults/a3-r2r6-gt-o19-current-wrong-cause-red-v2.trx	4C089F600EAD1D2733A16E0971635A1D808B1328CE1B1EF3D5D6C472EE0576A9	1	0	1	0	Ti02_PositiveObjectAbsenceCannotSettleDifferentTerminalCause	Assert.Equal strings differ: expected StateConflict; actual Terminated	EVIDENCE_RED	G-T / P19,BP20			a3_r2r6_remaining_cluster_execution_matrix_v2.md#horizontal-scenario-matrix
RFR004	agent/tests/TagEkyc.CaptureAgent.Tests/TestResults/a3-r2r6-agent-expired-lease-current-red.trx	1DA0D77AA511878224DECC5602F2157A436467C4CF2AFC5E50E211E6F4BBB679	2	0	2	0	A3_ExpiredLease_RetiresAndRequiresRecapture(two theory cases)	Assert.Throws failure: no CaptureAgentFlowException was thrown	EVIDENCE_RED	G-H local no-call / P20			a3_r2r6_remaining_cluster_execution_matrix_v2.md#horizontal-scenario-matrix
RFR005	server/tests/TagEkyc.IntegrationTests/TestResults/a3-r2r6-gl-skip-cleanup-current-red.trx	3546A28C338546C4FC9E2154BBD14C3793CB667C0748D41A4CAF8839517BC028	1	0	1	0	R2R6HttpsPublicationReplayAndMismatchScenarios(dropResponse: True, withObsolete: True)	Assert.True failure at Pending-to-Completed cleanup observation	EVIDENCE_RED	G-L / BP12,P22			a3_r2r6_remaining_cluster_execution_matrix_v2.md#horizontal-scenario-matrix
RFR006	server/tests/TagEkyc.IntegrationTests/TestResults/a3-r2r6-gh-final-body-read-current-red.trx	D757C0751751F1FEA81E6FA514067CBB458109FC7DF2AD9DAEDA13CAA7E68AB7	1	0	1	0	R2R6HttpsPublicationReplayAndMismatchScenarios(agentFirstAtR5: True)	CaptureAgentFlowException: NOT_READY	SUPERSEDED_RED		a3-r2r6-gh-final-body-read-current-red-v2.trx	Synchronous request-body read hit the ASP.NET sync-I/O guard before the intended read counter; replaced by an async one-byte mutant.	a3_r2r6_remaining_cluster_execution_matrix_v2.md#horizontal-scenario-matrix
RFR007	server/tests/TagEkyc.IntegrationTests/TestResults/a3-r2r6-gh-final-body-read-current-red-v2.trx	6CB37EB86A95247B7C16E56ED035D9378294076B40D9DD4C8724BA7A7B1298F3	1	0	1	0	R2R6HttpsPublicationReplayAndMismatchScenarios(agentFirstAtR5: True)	Assert.Equal values differ: expected 2 server body reads; actual 3	EVIDENCE_RED	G-H / P17-P23 public final branches			a3_r2r6_remaining_cluster_execution_matrix_v2.md#horizontal-scenario-matrix
RFR008	server/tests/TagEkyc.IntegrationTests/TestResults/a3-r2r6-p19-first-response-projection-red.trx	725690003AB82847CB46D651CE705A02C3C03AAF6B14542469D282767201F535	9	8	1	0	R2R6HttpsPublicationReplayAndMismatchScenarios(contentMismatch: True)	Assert.Equal strings differ: expected CONTENT_COMMITMENT_MISMATCH; actual RAW_EXPORT_SOURCE_TEMPORARILY_UNAVAILABLE	EVIDENCE_RED	G-O19 / P19 exact first public projection			a3_r2r6_remaining_cluster_review_packet_v3.md#2-p19-exact-first-public-response
RFR009	server/tests/TagEkyc.IntegrationTests/TestResults/a3-r2r6-p20-ciphertext-current-source-red.trx	91C54B591388216FCB5F2A3E4D12405F7F5B609EFC83F2476F9E8178E94F71FC	2	1	1	0	CiphertextFailureIsNotProducerMismatch(tamper: True)	InvalidOperationException RAW_INGRESS_CONTINUATION_NOT_READY at first production AdvanceAsync; untampered control passed	EVIDENCE_RED	G-O20 / P20 durable ciphertext failure cause			a3_r2r6_remaining_cluster_review_packet_v3.md#3-p20-current-byte-ciphertext-mutation
