"repository"	"disposition"	"sha256"	"path"
"Codex_SignFlow"	"PREDECESSOR_PACKET"	"5C2D355587EE303F60751FB2DF6C4D089B7D8C9A5EC2128069FBC8720CCFE0A6"	"docs/ekyc_integration/raw_export_client_review_packet_v2.md"
"Codex_SignFlow"	"STANDALONE_CLIENT"	"79AF3457E5D9A985A99B24340187C6C77D9F8F2CA174086CB2CDE728379DF7E0"	"src/Clients/TagEkyc.RawExport.Client/README.md"
"Codex_SignFlow"	"STANDALONE_CLIENT"	"F1600AB498B817D611BCB4CBCD370D788B406151A1D864656BE9A465678FE9A0"	"src/Clients/TagEkyc.RawExport.Client/TagEkyc.RawExport.Client.csproj"
"Codex_SignFlow"	"STANDALONE_CLIENT"	"417D0D5D5CC32C59E3D0E511420FD52F47051CC7F42C963764E19682E62D2885"	"src/Clients/TagEkyc.RawExport.Client/TagEkycRawExportClient.cs"
"Codex_SignFlow"	"STANDALONE_CLIENT"	"12F8D7141B71DC959CA71B217EDCC19D9498D64C3CCFF098A64E08BB066E0666"	"src/Clients/TagEkyc.RawExport.Client/TagEkycRawExportModels.cs"
"Codex_SignFlow"	"STANDALONE_CLIENT"	"F41769962F0479841FD1C6C86C6AC9056BB1CB6C8BEEDDBC5171E7EA16EFFBD1"	"src/Clients/TagEkyc.RawExport.Client/TagEkycRecipientPackageDecoder.cs"
"Codex_SignFlow"	"CLIENT_EVIDENCE"	"2CDD90206BBB79A876111FE1DB1EEFC492D497FBE7D0D066CD62AAEEFD1BA666"	"TestResults/raw-export-client/raw-export-client-successor.trx"
"Codex_SignFlow"	"CLIENT_EVIDENCE"	"C6194B2CB958B4C08553E46716A018DA7FE34B97F2165992EDEE4DF6D6585470"	"tests/TagEkyc.RawExport.Client.Tests/TagEkyc.RawExport.Client.Tests.csproj"
"Codex_SignFlow"	"CLIENT_EVIDENCE"	"C55FFA80740D470F8566572CA787F141C08922A6F64068CA2C5127F233F2D93F"	"tests/TagEkyc.RawExport.Client.Tests/TagEkycRawExportClientTests.cs"
"TagEkyc"	"SEAL_NOT_REMINTED"	"9E4879178F7AA3C7BB58C26F45B873C205C9209CEEA57FDA9971710CF6D648E1"	"docs/tips/tip_88c1_secure_raw_source_sealed_assembly/a3_activation_evidence_seal_v1.tsv"
"TagEkyc"	"GOVERNANCE_FROZEN"	"40B38054A92155DEF491BEC099F54F427213F30CF7FF6FEB76753B91A2C3F822"	"docs/tips/tip_88c1_secure_raw_source_sealed_assembly/a3_activation_scope_deferred_backlog_v1.tsv"
"TagEkyc"	"CURRENT_EMPTY_PARTITION"	"BE0C0E1A2B82BF4B9E8B10387F58D4589A71233DCD3483573B6C344D6798B136"	"docs/tips/tip_88c1_secure_raw_source_sealed_assembly/a3_activation_scope_partition_v1.tsv"
"TagEkyc"	"W2_AUTHORITY"	"DD6633D7D31377CA5489EA7DD0E66E4D7DD6D6F0F9A48406C49DEC54F824AD19"	"docs/tips/tip_88c1_secure_raw_source_sealed_assembly/a3_macro_wave_w2_authority_decision_packet_v2.md"
"TagEkyc"	"W2_AUTHORITY"	"01844026A2A55C6DE2E5EC2E3462B3EDC985145E6FC3AA858282089F976A6ADA"	"docs/tips/tip_88c1_secure_raw_source_sealed_assembly/a3_macro_wave_w2_homeowner_scope_decision_v1.md"
"TagEkyc"	"GOVERNANCE_FROZEN"	"2DA0A4C5586C54FBED422B7474EE72DC0B224D3A150B6E54C14382D4C03E962F"	"docs/tips/tip_88c1_secure_raw_source_sealed_assembly/a3_outcome_ownership_table_v1.tsv"
"TagEkyc"	"FAILED_RUN_CENSUS"	"0FD222E810841EBB87C5AD8B62C966D0D63EE835E101D19E21BBCAF05C3A65F1"	"docs/tips/tip_88c1_secure_raw_source_sealed_assembly/raw_export_delivery_failed_run_census_v1.tsv"
"TagEkyc"	"IMPLEMENTATION_AUTHORITY"	"770B7ABB127A5F7B11C33A6699B7731E9A64DAD82EB37A1C6478A83BCFD114B7"	"docs/tips/tip_88c1_secure_raw_source_sealed_assembly/raw_export_delivery_homeowner_build_authority_v1.md"
"TagEkyc"	"WHOLE_REPO_INVENTORY"	"9F114F37F4BEC232F0A121250104A8BE4DB0EFAABBEDDF75917D86BE507F44A0"	"docs/tips/tip_88c1_secure_raw_source_sealed_assembly/raw_export_delivery_whole_repo_trx_inventory_v1.tsv"
"TagEkyc"	"PRODUCT_SOURCE_AUTHORIZED"	"909EFC94484A7E67F01ECF79962B9615570DEB1771B72A41FF231DDAA3093F26"	"src/TagEkyc.Api/Program.cs"
"TagEkyc"	"PRODUCT_SOURCE_AUTHORIZED"	"57BBD70CA00B92362496064097B288A6A71FFA47267F50B1AFC39BBC3512B41C"	"src/TagEkyc.Api/RawExportControlPlaneEndpoints.cs"
"TagEkyc"	"PRODUCT_SOURCE_AUTHORIZED"	"F3797BF0C96F248C982972B7AAFEB29E27564FA5AF93712898D45E1AA18E5C95"	"src/TagEkyc.Application/Ports/RawExportControlPlanePorts.cs"
"TagEkyc"	"PRODUCT_SOURCE_AUTHORIZED"	"0C0BACCF2B4AFAEE87C1FA1D52DD5995F159C967443D2F5DFEC07AA5441BD177"	"src/TagEkyc.Application/RawExport/RawExportControlPlaneApplicationService.cs"
"TagEkyc"	"PRODUCT_SOURCE_AUTHORIZED"	"987C78DE2D514637A89A0E0BFE5F9771CE3315F8632A636768CB6C644CCAA9E9"	"src/TagEkyc.Contracts/RawExport/RawExportControlPlaneContracts.cs"
"TagEkyc"	"PRODUCT_SOURCE_AUTHORIZED"	"97A757F7F2515BD4249760A955C2F07D3460748D1974EC378964A69785FFB257"	"src/TagEkyc.Infrastructure/Persistence/EfRawExportJobPackageProjectionReader.cs"
"TagEkyc"	"PRODUCT_SOURCE_AUTHORIZED"	"79A34F152089D8109CE525E73510B1903FF7B60B0346510013AD4AAC5D7CB309"	"src/TagEkyc.Infrastructure/Persistence/Migrations/20260923090000_RawExportAssemblyDurableWorkSource.cs"
"TagEkyc"	"PRODUCT_SOURCE_AUTHORIZED"	"953F381165A5EF2761D67C9514BC3A92A42C7D298D16D69084507CC795439160"	"src/TagEkyc.Infrastructure/Persistence/TagEkycPersistenceServiceCollectionExtensions.cs"
"TagEkyc"	"PRODUCT_SOURCE_AUTHORIZED"	"B9CBFC8CEFC91B8755C7A60AAE2F6FFFF6A7B4B58A70922B08E56121AC9E70C5"	"src/TagEkyc.Infrastructure/ProtectedValues/ProtectedValueContracts.cs"
"TagEkyc"	"PRODUCT_SOURCE_AUTHORIZED"	"358B9EABB2BAB1AFEE62EE18030D58E14AA88EEFD76C46A69AEDCA68B1753D51"	"src/TagEkyc.Infrastructure/ProtectedValues/SecretRefProtectedValueProvider.cs"
"TagEkyc"	"PRODUCT_SOURCE_AUTHORIZED"	"AB3995E38321824FBF2CABF224894C651CD515E54DA6757F470CEA01CE81B2E5"	"src/TagEkyc.Infrastructure/RawExport/RawExportAssemblyRuntimeInfrastructure.cs"
"TagEkyc"	"PRODUCT_SOURCE_AUTHORIZED"	"B84B1DC9C48138D97A0200602313093DC587D103F5F928D1927EB522A0D42149"	"src/TagEkyc.Infrastructure/RawExport/RawExportAssemblyServiceCollectionExtensions.cs"
"TagEkyc"	"TEST_SOURCE"	"4B9D63AFD64538FD5FA50EEAC332E26442DB2DD42D03DCF59E1517004B20FCBC"	"tests/TagEkyc.IntegrationTests/RawExportAssemblyDurableWorkSourceTests.cs"
"TagEkyc"	"TEST_SOURCE"	"8ACBAB3283BDF90F1978EE047516AD06AE8F0EE5EAF907F46E53896346073542"	"tests/TagEkyc.IntegrationTests/RawExportClientProductionCodecCompatibilityTests.cs"
"TagEkyc"	"TEST_SOURCE"	"96793E60D6D5A4301F7AF76CA8593784657BEB5FC92F455B074BA33F2E6E7632"	"tests/TagEkyc.IntegrationTests/RawExportControlPlaneHttpTests.cs"
"TagEkyc"	"TEST_SOURCE"	"8024A0E8B2D8CE48F6062360E0086B7A0DCF2E5217968296EDCAA465199723B5"	"tests/TagEkyc.IntegrationTests/SiteQualificationTestServices.cs"
"TagEkyc"	"SUPERSEDED_RED"	"B921C53665B7C97A76418996E72FEE1180FE81A22C74A74AD71C41E44CB296DB"	"tests/TagEkyc.IntegrationTests/TestResults/raw-export-delivery/a3-raw-export-work-source-current-v2.trx"
"TagEkyc"	"SUPERSEDED_RED"	"D566809A61A0BC3597BD2DDD9114AF323DB36E84B38BAC5469C44EAA31422AED"	"tests/TagEkyc.IntegrationTests/TestResults/raw-export-delivery/a3-raw-export-work-source-current-v3.trx"
"TagEkyc"	"SUPERSEDED_RED"	"1B997DC5BC20C29806D41C305108445525B12B3DBD84BEF3B996047520AB1601"	"tests/TagEkyc.IntegrationTests/TestResults/raw-export-delivery/a3-raw-export-work-source-current-v4.trx"
"TagEkyc"	"SUPERSEDED_RED"	"F6F85BA46FE8A9780D8C04BAB077C9D13FE73ED744FB59395B8DA5D79A15ACA1"	"tests/TagEkyc.IntegrationTests/TestResults/raw-export-delivery/a3-raw-export-work-source-current-v5.trx"
"TagEkyc"	"PASS_EVIDENCE"	"822F1A026BFB24EF4B3B6A2DFF85802D051088E0D7826502E6B3E3EB3DB4E388"	"tests/TagEkyc.IntegrationTests/TestResults/raw-export-delivery/a3-raw-export-work-source-current-v6.trx"
"TagEkyc"	"EXCLUDED_INFRASTRUCTURE_DIAGNOSTIC"	"E70050D1DA3E6E8D5921052B105430B3A79709C01BA1FE033F7367A7B9535371"	"tests/TagEkyc.IntegrationTests/TestResults/raw-export-delivery/a3-raw-export-work-source-current.trx"
"TagEkyc"	"PASS_EVIDENCE"	"A515C44F4B7052F7C3DAB2E0A57CE1938A049971B53AB467738122EDC75F22E1"	"tests/TagEkyc.IntegrationTests/TestResults/raw-export-delivery/raw-export-client-production-codec.trx"
"TagEkyc"	"EVIDENCE_RED"	"44889FDCC2C9B1BF1AC6004F282278051A7A5602866C99255B31AE5F8FD8401E"	"tests/TagEkyc.IntegrationTests/TestResults/raw-export-delivery/raw-export-delivery-a10.trx"
"TagEkyc"	"PASS_EVIDENCE"	"D66EC84803CF6E272E3FE55B5A0541A560A46E710592C23F779961C4A7BB7BEF"	"tests/TagEkyc.IntegrationTests/TestResults/raw-export-delivery/raw-export-delivery-a12.trx"
"TagEkyc"	"SUPERSEDED_SENTINEL_FIXTURE_RED"	"7854E8A6DB659A110465D1AAF332447BF31A8AE8CD5E29D874DD738139963475"	"tests/TagEkyc.IntegrationTests/TestResults/raw-export-delivery/raw-export-delivery-a14.trx"
"TagEkyc"	"SUPERSEDED_SENTINEL_FIXTURE_RED"	"F63CCCD0F44E3CB4BE6ECE6FE6D2BFD1E14B3988634F8F8013EE8A80BA9730A3"	"tests/TagEkyc.IntegrationTests/TestResults/raw-export-delivery/raw-export-delivery-a15.trx"
"TagEkyc"	"SUPERSEDED_SENTINEL_FIXTURE_RED"	"0CE29C9E593B311FC02EFAC85899087E2CAE3D51148383ED79D2F806FCCBC24C"	"tests/TagEkyc.IntegrationTests/TestResults/raw-export-delivery/raw-export-delivery-a16.trx"
"TagEkyc"	"PASS_EVIDENCE"	"039467E8E2345A32F43FB5B1EB89A5F55D8CB50506E779B72B3F06CFFC599426"	"tests/TagEkyc.IntegrationTests/TestResults/raw-export-delivery/raw-export-delivery-a17.trx"
"TagEkyc"	"PASS_EVIDENCE"	"6F36E3A17D33245A7726B63EBF85B8A1BFB25083DE7F78F4CE8268C1AB715A93"	"tests/TagEkyc.IntegrationTests/TestResults/raw-export-delivery/raw-export-delivery-a18.trx"
"TagEkyc"	"SUPERSEDED_SENTINEL_FIXTURE_RED"	"AF856D194CE2A13ADCB913DFDB256BC804B23FBFCB4F84DF5653578BCB36EB97"	"tests/TagEkyc.IntegrationTests/TestResults/raw-export-delivery/raw-export-delivery-a19.trx"
"TagEkyc"	"PASS_EVIDENCE"	"7AE7BC5162D4CC22CAEAD574E4E03CA1704693AD0D20F3E2D5D7F258C2909956"	"tests/TagEkyc.IntegrationTests/TestResults/raw-export-delivery/raw-export-delivery-a2.trx"
"TagEkyc"	"PASS_EVIDENCE"	"F57B686D5BDB5D2155053B5E44B80A90AC3CE13B9458EDE1D72EFA090B622E94"	"tests/TagEkyc.IntegrationTests/TestResults/raw-export-delivery/raw-export-delivery-a20.trx"
"TagEkyc"	"PASS_EVIDENCE"	"F52F3001056FC65BCD06C4D5C4C7F367FD197CC442ECBCA0648E400DCE97D40E"	"tests/TagEkyc.IntegrationTests/TestResults/raw-export-delivery/raw-export-delivery-a21.trx"
"TagEkyc"	"EVIDENCE_RED"	"8CDA470D377212DF36E7FC01D2FECE98A84976311324DC6F4672CDCA73E38D92"	"tests/TagEkyc.IntegrationTests/TestResults/raw-export-delivery/raw-export-delivery-a3.trx"
"TagEkyc"	"EVIDENCE_RED"	"BAE90A5DA39D33A4DCDCB00E777D56E0D8BEA63755B3870D4D86217FEAACBD45"	"tests/TagEkyc.IntegrationTests/TestResults/raw-export-delivery/raw-export-delivery-a4.trx"
"TagEkyc"	"EVIDENCE_RED"	"5A63C9F03064347A11D5045C91469FC3B78A13A0B70B7F4062FDC775C8E45717"	"tests/TagEkyc.IntegrationTests/TestResults/raw-export-delivery/raw-export-delivery-a5.trx"
"TagEkyc"	"SUPERSEDED_FIXTURE_RED"	"834FA782EA337726E23DCBC9815B4D8C90EC9037142EE1C5AC392543556C2868"	"tests/TagEkyc.IntegrationTests/TestResults/raw-export-delivery/raw-export-delivery-a6.trx"
"TagEkyc"	"PASS_EVIDENCE"	"9EBA0E7B42D2554E3E12507A50F4075DE66C314E8649815FC7E8EA95B7F047F9"	"tests/TagEkyc.IntegrationTests/TestResults/raw-export-delivery/raw-export-delivery-a7.trx"
"TagEkyc"	"PASS_EVIDENCE"	"D576909D6E0375069756CA1960A1F2F56215DA3BDB299A1B440D0E8A1835A8DB"	"tests/TagEkyc.IntegrationTests/TestResults/raw-export-delivery/raw-export-delivery-a8.trx"
"TagEkyc"	"PASS_EVIDENCE"	"9BBF7FDB3AD311C608B46028D29092036CACF81B5576DC44A9AB0C2365BEA309"	"tests/TagEkyc.IntegrationTests/TestResults/raw-export-delivery/raw-export-delivery-a9.trx"
"TagEkyc"	"TEST_SOURCE"	"B6B1C0A0FDA22A1C8F52B5912C313EFADB3B4560EE8F4D6134AD9DFD6FADD98F"	"tests/TagEkyc.IntegrationTests/Tip88C1C6BA1RawIngressBoundaryTests.cs"
"TagEkyc"	"TEST_SOURCE"	"2CCB57B75DCED6079E388040D3F7F3F76E69C392D3A43E8B930713DDCC96C3BD"	"tests/TagEkyc.IntegrationTests/Tip88C1C6BA3ClientServerAcceptanceTests.cs"
"TagEkyc"	"TEST_SOURCE"	"0CD9F7491852FD8EF4A68ABFAEA3D59B03CAC64EBFC18EE5B7D82FBDC299BE31"	"tests/TagEkyc.IntegrationTests/Tip88C1C6BA3ConsentRetentionTests.cs"
"TagEkyc"	"TEST_SOURCE"	"2D5916306154A9B37BE2F0EE692D9D25BEBF62CDA2A426B23709A119DDB8E214"	"tests/TagEkyc.IntegrationTests/Tip88C1C6BA3R2R6ClusterHttpTests.cs"
"TagEkyc"	"TEST_SOURCE"	"0CB0D98439E9413759DAB793E25226485FE9AB186D16D8CED29DE8781A7C22A3"	"tests/TagEkyc.IntegrationTests/Tip88C1C6BA3R2TerminalProjectionTests.cs"
"TagEkyc"	"TEST_SOURCE"	"81DDC70D54F81008DB3280136A07A15154E1EB030966DC9F6BA2039B35BF5F82"	"tests/TagEkyc.UnitTests/RawExportControlPlaneApplicationTests.cs"
"TagEkyc"	"PASS_EVIDENCE"	"EEA951750AE700815FB02B5E3B5444868AB3125D0B2B50522AD785759BAA14A4"	"tests/TagEkyc.UnitTests/TestResults/raw-export-delivery/raw-export-control-plane-successor.trx"
"TagEkyc"	"PASS_EVIDENCE"	"B78D328EB20270E762256EE6D7CA5C779E38611EC59A1F6084EDC6D9CAB5A35E"	"tests/TagEkyc.UnitTests/TestResults/raw-export-delivery/raw-export-delivery-a1.trx"
"TagEkyc"	"PASS_EVIDENCE"	"0DC9310D90D71FBDB7736FBD5A5238835924723ABC35B5718A7B1044D3145E13"	"tests/TagEkyc.UnitTests/TestResults/raw-export-delivery/raw-export-delivery-a11.trx"
"TagEkyc"	"REPRODUCIBLE_TOOLING"	"2DFB3751008C9B338BD0295D319EA28348848E79EA9D38E7F5A82F8196664875"	"tools/New-RawExportDeliveryReviewManifest.ps1"
"TagEkyc"	"REPRODUCIBLE_TOOLING"	"B2F641C7F993F652795E51542CF92A20117B6AFFA1E00302D87DC4887CEF0B0B"	"tools/New-RawExportDeliveryWholeRepoTrxCensus.ps1"
"TagEkyc_CaptureAgent"	"PASS_SENTINEL"	"1B4DAAD60B81F9CCD749E0686BA5980894145FE3C8E4DCB9CE86E3AE590B9468"	"tests/TagEkyc.CaptureAgent.Tests/TestResults/raw-export-delivery/raw-export-delivery-a13.trx"
