# hash_basis=WORKING_TREE_BYTES@HEAD_9761963; manifest does not hash itself
sha256	repository	path	hash_basis
5929E8986F2E0E1E1BA56A9F9D3361605C7CAE57A55DACF0A8E0E02A65CF5792	SERVER	output/review/PRODUCTION_COMPOSITION_CORRECTION_V0_1/failed_run_census_v1.tsv	WORKING_TREE_BYTES@HEAD_9761963
3D7E11DE73FEC348F74BE928544E083CB852029D6B0CD5D3CE1CF91A4287FF3C	SERVER	output/review/PRODUCTION_COMPOSITION_CORRECTION_V0_1/review_packet_v1.md	WORKING_TREE_BYTES@HEAD_9761963
BD5E22CE71D5B5D6D570E907CFC7E7926F00020C6882F566C4D22BBC93CEED49	SERVER	output/review/PRODUCTION_COMPOSITION_CORRECTION_V0_1/runs/lab-boundary3/production-composition-boundary3-live-lab.trx	WORKING_TREE_BYTES@HEAD_9761963
E78A2EA828B24F7546239D4CBFBC53CBC7917C381CF11EC1CC49302C32C484B9	SERVER	output/review/PRODUCTION_COMPOSITION_CORRECTION_V0_1/runs/lab-boundary3/production-composition-boundary3-static-lab.trx	WORKING_TREE_BYTES@HEAD_9761963
96C8C7FF4F48A6EAD467A4D308C93F602DBEC031F79621C7E481C9489AC5CC07	SERVER	output/review/PRODUCTION_COMPOSITION_CORRECTION_V0_1/runs/lab-live/production-composition-live-lab-final.trx	WORKING_TREE_BYTES@HEAD_9761963
E95AF5A7E5CB0C219AF986538F0CF7F0A2BCEE5A7BDC7A9F6B55125E4207BC14	SERVER	output/review/PRODUCTION_COMPOSITION_CORRECTION_V0_1/runs/lab-production-host/production-composition-boundary3-ubuntu-final.trx	WORKING_TREE_BYTES@HEAD_9761963
B86B68E22187CD9603A3867571FF7F0D899BCD9914813D03B08B2704A95F4C82	SERVER	output/review/PRODUCTION_COMPOSITION_CORRECTION_V0_1/runs/lab-production-host/production-host-proof.txt	WORKING_TREE_BYTES@HEAD_9761963
A1A38A7545F89CC77D2E08AAEC345F09F38F4BE0BEDD18A95A7E99A1C272D670	SERVER	output/review/PRODUCTION_COMPOSITION_CORRECTION_V0_1/runs/lab-production-host/production-host.log	WORKING_TREE_BYTES@HEAD_9761963
A81BC348987926145CC3FD2739775CBA2F8B98C5A2C68E3D4F6E279CFA9A08B8	SERVER	output/review/PRODUCTION_COMPOSITION_CORRECTION_V0_1/runs/lab-static/production-composition-static-lab.trx	WORKING_TREE_BYTES@HEAD_9761963
671FBFC8A48AACF5987F97F46DEE85CAF7A3FA0EBCE8DC2BA1DF61BEA459C60B	SERVER	output/review/PRODUCTION_COMPOSITION_CORRECTION_V0_1/runs/local-boundary3-correction/production-composition-boundary3-final-restored.trx	WORKING_TREE_BYTES@HEAD_9761963
3B39E10AA45960EE76313BA1F59B45D1441195A2D742978E6AC4AF92854DDFC0	SERVER	output/review/PRODUCTION_COMPOSITION_CORRECTION_V0_1/runs/local-boundary3-correction/production-composition-boundary3-restored-a2.trx	WORKING_TREE_BYTES@HEAD_9761963
4FB8061BC11E8567D4F72FF812D49276E3F67B8FAA7D5AFE1552F8C16C7A1880	SERVER	output/review/PRODUCTION_COMPOSITION_CORRECTION_V0_1/runs/local-boundary3-correction/production-composition-boundary3-restored-a3.trx	WORKING_TREE_BYTES@HEAD_9761963
32B4040C32692DF1DB4074CE4D436B6088263C160B92A658EEEAD3EC7EA1DFCE	SERVER	output/review/PRODUCTION_COMPOSITION_CORRECTION_V0_1/runs/local-boundary3-correction/production-composition-custody-registration-green.trx	WORKING_TREE_BYTES@HEAD_9761963
72D6B02D5299C2BF7EE0894BB861829DD96F7A98C4610EF11CFCA378F43D5358	SERVER	output/review/PRODUCTION_COMPOSITION_CORRECTION_V0_1/runs/local-boundary3-correction/production-composition-route-selection-restored.trx	WORKING_TREE_BYTES@HEAD_9761963
5DA69A9FE6144183A0C0BA4A9F46B5F1F1914CE9452821EDF69E69B9E29B025E	SERVER	output/review/PRODUCTION_COMPOSITION_CORRECTION_V0_1/runs/local-boundary3-correction/production-program-health-green-a1.trx	WORKING_TREE_BYTES@HEAD_9761963
9CDCC571367BF5CD100D657BEF8E75791368D1AC0367F65BDA10D445B61FA7FA	SERVER	output/review/PRODUCTION_COMPOSITION_CORRECTION_V0_1/runs/local-boundary3-correction/production-program-registration-throw-mutant-red.trx	WORKING_TREE_BYTES@HEAD_9761963
854048D0A506C3D14AB5CD00F025D531C72893E30E95E4A49F52399AE81B9FFB	SERVER	output/review/PRODUCTION_COMPOSITION_CORRECTION_V0_1/runs/local-boundary3/production-composition-boundary3-a1.trx	WORKING_TREE_BYTES@HEAD_9761963
5341DC795F31CA6940F50C35E7ABE74260C3644CAC3D13BE5E3506F00A63F102	SERVER	output/review/PRODUCTION_COMPOSITION_CORRECTION_V0_1/runs/local-boundary3/production-composition-boundary3-generic-code-mutant.trx	WORKING_TREE_BYTES@HEAD_9761963
514009F53EEB725C430E8EE326409D4EAFCAEB24C33D48D3688622B1FC7A2299	SERVER	output/review/PRODUCTION_COMPOSITION_CORRECTION_V0_1/runs/local-boundary3/production-composition-boundary3-restored-final.trx	WORKING_TREE_BYTES@HEAD_9761963
B610FB6875C75EDF62C37F42E7CCC3EC06471FCC8D41F8D9F646F8FA11912A76	SERVER	output/review/PRODUCTION_COMPOSITION_CORRECTION_V0_1/runs/local-final/production-composition-correction-final-v4.trx	WORKING_TREE_BYTES@HEAD_9761963
7A655C790942C7E445C87B88CF8E7A18509D6DE921B0DEFAB8CA74572C4EA3CF	SERVER	output/review/PRODUCTION_COMPOSITION_CORRECTION_V0_1/runs/local-predecessor/production-composition-correction-r2.trx	WORKING_TREE_BYTES@HEAD_9761963
1B4F251934C20A820A35F6E2AA36192B64C04959301F3986B245CA53F7F0AA26	SERVER	output/review/PRODUCTION_COMPOSITION_CORRECTION_V0_1/runs/local-predecessor/production-composition-correction.trx	WORKING_TREE_BYTES@HEAD_9761963
5B331175009D9FB8F53F6C70D0CBDA86008717EAA8AFEE8FF92B8FF1C9A29C08	SERVER	src/TagEkyc.Api/Program.cs	WORKING_TREE_BYTES@HEAD_9761963
7D2DC16D943C42F1F666C8D15CC249B7583791B31BC4AFEF4967E0E27D176843	SERVER	src/TagEkyc.Infrastructure/Auth/ApiKeyProvisioningService.cs	WORKING_TREE_BYTES@HEAD_9761963
6C26F842AA2373BB880DC035A2F77A95CEEAA2F95F64F90F45C0B67890BA933E	SERVER	src/TagEkyc.Infrastructure/Auth/ManagedApiKeyParser.cs	WORKING_TREE_BYTES@HEAD_9761963
CE6E0CDB005A47A865F2033B2AFD977EA371A92CA038FFE51509844D09FE2AD7	SERVER	src/TagEkyc.Infrastructure/RawExport/CaptureRuntimeRawIngressComposition.cs	WORKING_TREE_BYTES@HEAD_9761963
01F9B19196E98E48470F733360E2932D170A9FFACB36F48543B1DB1394F7F028	SERVER	src/TagEkyc.Infrastructure/RawExport/CaptureRuntimeRawIngressProductionOptions.cs	WORKING_TREE_BYTES@HEAD_9761963
53C324DFBF3D81FB68BD84B99CBF15A2B9F1B1677905618C08DCC1B9C52B16AC	SERVER	src/TagEkyc.Infrastructure/RawExport/CustodyProfileReadinessValidator.cs	WORKING_TREE_BYTES@HEAD_9761963
D860F2BE3DF8493A516989346F65FEAB84FAAF92038BF64F9D6988C2D6F5EE17	SERVER	src/TagEkyc.Infrastructure/RawExport/CustodyProfileServiceCollectionExtensions.cs	WORKING_TREE_BYTES@HEAD_9761963
F88E28BF4034590EAD1E5B2081C2ABCB410C964D364278F1E16BB32E52D27BFA	SERVER	src/TagEkyc.Infrastructure/RawExport/ProvisionalObjectCustodyOptions.cs	WORKING_TREE_BYTES@HEAD_9761963
2AD0E5AD525FA172E14FAAE6E92562DF9B66AD88C01DF1329C9184EA4E57AFEE	SERVER	src/TagEkyc.Infrastructure/RawExport/RawExportSourceClaimComparisonServiceCollectionExtensions.cs	WORKING_TREE_BYTES@HEAD_9761963
0C175DF77348F641A33FE7213BDF48457A9D5B5AFCE99D9A42FD0AAB70322F52	SERVER	src/TagEkyc.Infrastructure/RawExport/RawIngressBrokerProductionComposition.cs	WORKING_TREE_BYTES@HEAD_9761963
2782D592550A2DB05D0E027FF421B3AED2162BE9471CE53C15CFB093DB0E9E87	SERVER	src/TagEkyc.Infrastructure/RawExport/RecipientPackageConnectionFactory.cs	WORKING_TREE_BYTES@HEAD_9761963
3D17E3655AF52ACC23F853CE746E90CBD0C9E67F2F61546F9DA4CF4F3C80D682	SERVER	src/TagEkyc.Infrastructure/RawExport/RecipientPackageReadinessValidator.cs	WORKING_TREE_BYTES@HEAD_9761963
6D523507C6723BDE2B87673CDA699A3B06A464603E46E2A1E2CFB5CA4AAE5D22	SERVER	src/TagEkyc.Infrastructure/RawExport/RecipientPackageServiceCollectionExtensions.cs	WORKING_TREE_BYTES@HEAD_9761963
E3F09D5C2FA737E6C2BCD0A718F90428FE7D4279FC941EFAC35E2830547C7207	SERVER	src/TagEkyc.Infrastructure/RawExport/S3CompatibleRecipientPackageProvider.cs	WORKING_TREE_BYTES@HEAD_9761963
A0242BEF0C2B6942B3FBABF42D1A1ABB638C4629F6316992D1627FAC8714A828	SERVER	src/TagEkyc.Infrastructure/RawExport/SubjectRefTokenServiceCollectionExtensions.cs	WORKING_TREE_BYTES@HEAD_9761963
B78898DFC82659E2342FBF5019FE6288C9A74899531351864B8870C254E45427	SERVER	src/TagEkyc.RawIngressBroker/Program.cs	WORKING_TREE_BYTES@HEAD_9761963
CA882A7F9A127AB31B560E724E9FAF9CD753857C0EA51E172CEF6F85A9D5AE7A	SERVER	tests/TagEkyc.IntegrationTests/ProductionCompositionCorrectionTests.cs	WORKING_TREE_BYTES@HEAD_9761963
100DBBAEE4C13882B7EE8621F0EC67EB789755CC02F23E2DCA21C83C384BD305	SERVER	tests/TagEkyc.IntegrationTests/Tip88C1C6BA3BrokerPipelineTests.cs	WORKING_TREE_BYTES@HEAD_9761963
B2590753440D0C36526ADFC6E71A0ACD7FB288F2301F6AD086A65B812AA78BE3	SERVER	tests/TagEkyc.UnitTests/Tip88C1C6BA1RouteRegistrationTests.cs	WORKING_TREE_BYTES@HEAD_9761963
D86A4A66EC254BF4648CAD5DA2755C6A51DA17AC31E39FC4114C3B86FD5FD235	SERVER	tools/TagEkyc.ApiKeyProvisioner/Program.cs	WORKING_TREE_BYTES@HEAD_9761963
